inventory_id,product_id,warehouse_id,on_hand_units,reserved_units,reorder_point,last_stock_count_date
INV-PRD-0001-WH-001,PRD-0001,WH-001,174,47,97,2026-01-01
INV-PRD-0001-WH-002,PRD-0001,WH-002,214,45,97,2025-12-15
INV-PRD-0001-WH-003,PRD-0001,WH-003,225,17,97,2026-01-10
INV-PRD-0001-WH-004,PRD-0001,WH-004,80,20,97,2025-12-03
INV-PRD-0001-WH-005,PRD-0001,WH-005,114,37,97,2025-12-24
INV-PRD-0001-WH-006,PRD-0001,WH-006,134,20,97,2026-01-17
INV-PRD-0001-WH-007,PRD-0001,WH-007,130,34,97,2026-01-26
INV-PRD-0001-WH-008,PRD-0001,WH-008,353,116,97,2025-12-18
INV-PRD-0002-WH-001,PRD-0002,WH-001,1395,412,409,2025-12-19
INV-PRD-0002-WH-002,PRD-0002,WH-002,644,119,409,2026-01-31
INV-PRD-0002-WH-003,PRD-0002,WH-003,386,57,409,2026-01-25
INV-PRD-0002-WH-004,PRD-0002,WH-004,2036,570,409,2025-12-24
INV-PRD-0002-WH-005,PRD-0002,WH-005,202,1,409,2025-12-17
INV-PRD-0002-WH-006,PRD-0002,WH-006,1163,344,409,2026-01-17
INV-PRD-0002-WH-007,PRD-0002,WH-007,1189,326,409,2026-01-30
INV-PRD-0002-WH-008,PRD-0002,WH-008,1366,241,409,2025-12-02
INV-PRD-0003-WH-001,PRD-0003,WH-001,1031,312,360,2025-12-15
INV-PRD-0003-WH-002,PRD-0003,WH-002,2261,717,360,2025-12-20
INV-PRD-0003-WH-003,PRD-0003,WH-003,431,11,360,2026-01-30
INV-PRD-0003-WH-004,PRD-0003,WH-004,252,14,360,2025-12-07
INV-PRD-0003-WH-005,PRD-0003,WH-005,637,99,360,2025-12-30
INV-PRD-0003-WH-006,PRD-0003,WH-006,2076,601,360,2026-01-17
INV-PRD-0003-WH-007,PRD-0003,WH-007,1701,101,360,2026-01-23
INV-PRD-0003-WH-008,PRD-0003,WH-008,932,16,360,2026-01-14
INV-PRD-0004-WH-001,PRD-0004,WH-001,1226,120,316,2026-01-24
INV-PRD-0004-WH-002,PRD-0004,WH-002,1068,278,316,2026-01-27
INV-PRD-0004-WH-003,PRD-0004,WH-003,378,101,316,2025-12-18
INV-PRD-0004-WH-004,PRD-0004,WH-004,548,23,316,2026-01-12
INV-PRD-0004-WH-005,PRD-0004,WH-005,1538,21,316,2025-12-04
INV-PRD-0004-WH-006,PRD-0004,WH-006,444,144,316,2025-12-14
INV-PRD-0004-WH-007,PRD-0004,WH-007,283,26,316,2026-01-07
INV-PRD-0004-WH-008,PRD-0004,WH-008,652,198,316,2025-12-10
INV-PRD-0005-WH-001,PRD-0005,WH-001,49,8,49,2026-01-24
INV-PRD-0005-WH-002,PRD-0005,WH-002,118,16,49,2026-01-21
INV-PRD-0005-WH-003,PRD-0005,WH-003,62,4,49,2025-12-01
INV-PRD-0005-WH-004,PRD-0005,WH-004,124,20,49,2025-12-02
INV-PRD-0005-WH-005,PRD-0005,WH-005,57,13,49,2026-01-03
INV-PRD-0005-WH-006,PRD-0005,WH-006,4,1,49,2025-12-29
INV-PRD-0005-WH-007,PRD-0005,WH-007,200,13,49,2025-12-29
INV-PRD-0005-WH-008,PRD-0005,WH-008,60,21,49,2026-01-03
INV-PRD-0006-WH-001,PRD-0006,WH-001,2304,31,330,2025-12-04
INV-PRD-0006-WH-002,PRD-0006,WH-002,1203,351,330,2025-12-07
INV-PRD-0006-WH-003,PRD-0006,WH-003,480,20,330,2025-12-21
INV-PRD-0006-WH-004,PRD-0006,WH-004,394,70,330,2026-01-09
INV-PRD-0006-WH-005,PRD-0006,WH-005,1788,332,330,2025-12-25
INV-PRD-0006-WH-006,PRD-0006,WH-006,933,232,330,2026-01-02
INV-PRD-0006-WH-007,PRD-0006,WH-007,388,55,330,2025-12-28
INV-PRD-0006-WH-008,PRD-0006,WH-008,753,173,330,2026-01-22
INV-PRD-0007-WH-001,PRD-0007,WH-001,1923,97,429,2025-12-21
INV-PRD-0007-WH-002,PRD-0007,WH-002,1473,383,429,2026-01-31
INV-PRD-0007-WH-003,PRD-0007,WH-003,566,23,429,2026-01-23
INV-PRD-0007-WH-004,PRD-0007,WH-004,221,12,429,2026-01-17
INV-PRD-0007-WH-005,PRD-0007,WH-005,998,30,429,2026-01-07
INV-PRD-0007-WH-006,PRD-0007,WH-006,1779,125,429,2025-12-27
INV-PRD-0007-WH-007,PRD-0007,WH-007,2161,738,429,2025-12-04
INV-PRD-0007-WH-008,PRD-0007,WH-008,1708,360,429,2025-12-07
INV-PRD-0008-WH-001,PRD-0008,WH-001,479,123,321,2025-12-15
INV-PRD-0008-WH-002,PRD-0008,WH-002,1186,284,321,2025-12-24
INV-PRD-0008-WH-003,PRD-0008,WH-003,142,36,321,2025-12-15
INV-PRD-0008-WH-004,PRD-0008,WH-004,1892,636,321,2026-01-09
INV-PRD-0008-WH-005,PRD-0008,WH-005,374,68,321,2025-12-02
INV-PRD-0008-WH-006,PRD-0008,WH-006,1882,316,321,2026-01-28
INV-PRD-0008-WH-007,PRD-0008,WH-007,413,36,321,2026-01-06
INV-PRD-0008-WH-008,PRD-0008,WH-008,393,7,321,2025-12-06
INV-PRD-0009-WH-001,PRD-0009,WH-001,811,214,426,2025-12-30
INV-PRD-0009-WH-002,PRD-0009,WH-002,1064,369,426,2025-12-21
INV-PRD-0009-WH-003,PRD-0009,WH-003,773,26,426,2025-12-10
INV-PRD-0009-WH-004,PRD-0009,WH-004,629,172,426,2025-12-06
INV-PRD-0009-WH-005,PRD-0009,WH-005,2162,497,426,2026-01-08
INV-PRD-0009-WH-006,PRD-0009,WH-006,867,262,426,2025-12-08
INV-PRD-0009-WH-007,PRD-0009,WH-007,571,173,426,2026-01-13
INV-PRD-0009-WH-008,PRD-0009,WH-008,1689,46,426,2025-12-15
INV-PRD-0010-WH-001,PRD-0010,WH-001,484,1,372,2025-12-14
INV-PRD-0010-WH-002,PRD-0010,WH-002,512,65,372,2025-12-19
INV-PRD-0010-WH-003,PRD-0010,WH-003,626,191,372,2025-12-28
INV-PRD-0010-WH-004,PRD-0010,WH-004,1462,235,372,2026-01-02
INV-PRD-0010-WH-005,PRD-0010,WH-005,1822,73,372,2025-12-26
INV-PRD-0010-WH-006,PRD-0010,WH-006,595,4,372,2025-12-30
INV-PRD-0010-WH-007,PRD-0010,WH-007,1251,293,372,2025-12-26
INV-PRD-0010-WH-008,PRD-0010,WH-008,964,58,372,2025-12-26
INV-PRD-0011-WH-001,PRD-0011,WH-001,41,2,101,2026-01-21
INV-PRD-0011-WH-002,PRD-0011,WH-002,454,92,101,2025-12-06
INV-PRD-0011-WH-003,PRD-0011,WH-003,132,27,101,2026-01-07
INV-PRD-0011-WH-004,PRD-0011,WH-004,151,19,101,2026-01-17
INV-PRD-0011-WH-005,PRD-0011,WH-005,187,9,101,2026-01-02
INV-PRD-0011-WH-006,PRD-0011,WH-006,362,24,101,2026-01-27
INV-PRD-0011-WH-007,PRD-0011,WH-007,176,15,101,2025-12-07
INV-PRD-0011-WH-008,PRD-0011,WH-008,145,38,101,2025-12-10
INV-PRD-0012-WH-001,PRD-0012,WH-001,495,45,341,2026-01-30
INV-PRD-0012-WH-002,PRD-0012,WH-002,1291,386,341,2026-01-06
INV-PRD-0012-WH-003,PRD-0012,WH-003,1497,330,341,2026-01-25
INV-PRD-0012-WH-004,PRD-0012,WH-004,650,112,341,2025-12-05
INV-PRD-0012-WH-005,PRD-0012,WH-005,961,140,341,2026-01-07
INV-PRD-0012-WH-006,PRD-0012,WH-006,259,9,341,2025-12-20
INV-PRD-0012-WH-007,PRD-0012,WH-007,370,94,341,2026-01-23
INV-PRD-0012-WH-008,PRD-0012,WH-008,2110,92,341,2026-01-09
INV-PRD-0013-WH-001,PRD-0013,WH-001,312,74,76,2026-01-05
INV-PRD-0013-WH-002,PRD-0013,WH-002,97,28,76,2026-01-28
INV-PRD-0013-WH-003,PRD-0013,WH-003,172,20,76,2026-01-08
INV-PRD-0013-WH-004,PRD-0013,WH-004,91,28,76,2025-12-07
INV-PRD-0013-WH-005,PRD-0013,WH-005,258,10,76,2026-01-02
INV-PRD-0013-WH-006,PRD-0013,WH-006,107,28,76,2025-12-29
INV-PRD-0013-WH-007,PRD-0013,WH-007,157,23,76,2025-12-24
INV-PRD-0013-WH-008,PRD-0013,WH-008,285,99,76,2025-12-22
INV-PRD-0014-WH-001,PRD-0014,WH-001,411,85,209,2025-12-05
INV-PRD-0014-WH-002,PRD-0014,WH-002,1000,145,209,2025-12-17
INV-PRD-0014-WH-003,PRD-0014,WH-003,1443,447,209,2025-12-10
INV-PRD-0014-WH-004,PRD-0014,WH-004,498,89,209,2025-12-20
INV-PRD-0014-WH-005,PRD-0014,WH-005,1011,66,209,2026-01-08
INV-PRD-0014-WH-006,PRD-0014,WH-006,288,71,209,2025-12-25
INV-PRD-0014-WH-007,PRD-0014,WH-007,339,85,209,2026-01-14
INV-PRD-0014-WH-008,PRD-0014,WH-008,1287,47,209,2026-01-11
INV-PRD-0015-WH-001,PRD-0015,WH-001,519,4,149,2025-12-24
INV-PRD-0015-WH-002,PRD-0015,WH-002,323,98,149,2026-01-01
INV-PRD-0015-WH-003,PRD-0015,WH-003,228,9,149,2025-12-19
INV-PRD-0015-WH-004,PRD-0015,WH-004,278,69,149,2026-01-23
INV-PRD-0015-WH-005,PRD-0015,WH-005,187,43,149,2026-01-26
INV-PRD-0015-WH-006,PRD-0015,WH-006,341,19,149,2025-12-11
INV-PRD-0015-WH-007,PRD-0015,WH-007,938,319,149,2026-01-21
INV-PRD-0015-WH-008,PRD-0015,WH-008,597,11,149,2025-12-27
INV-PRD-0016-WH-001,PRD-0016,WH-001,821,227,335,2026-01-09
INV-PRD-0016-WH-002,PRD-0016,WH-002,1940,459,335,2025-12-15
INV-PRD-0016-WH-003,PRD-0016,WH-003,1323,414,335,2026-01-20
INV-PRD-0016-WH-004,PRD-0016,WH-004,711,173,335,2026-01-30
INV-PRD-0016-WH-005,PRD-0016,WH-005,1280,393,335,2025-12-19
INV-PRD-0016-WH-006,PRD-0016,WH-006,1415,214,335,2026-01-31
INV-PRD-0016-WH-007,PRD-0016,WH-007,954,70,335,2026-01-25
INV-PRD-0016-WH-008,PRD-0016,WH-008,1319,447,335,2025-12-24
INV-PRD-0017-WH-001,PRD-0017,WH-001,741,63,377,2025-12-19
INV-PRD-0017-WH-002,PRD-0017,WH-002,82,8,377,2025-12-29
INV-PRD-0017-WH-003,PRD-0017,WH-003,824,46,377,2026-01-30
INV-PRD-0017-WH-004,PRD-0017,WH-004,1092,13,377,2025-12-27
INV-PRD-0017-WH-005,PRD-0017,WH-005,257,47,377,2025-12-16
INV-PRD-0017-WH-006,PRD-0017,WH-006,568,57,377,2025-12-02
INV-PRD-0017-WH-007,PRD-0017,WH-007,742,171,377,2026-01-20
INV-PRD-0017-WH-008,PRD-0017,WH-008,523,120,377,2026-01-14
INV-PRD-0018-WH-001,PRD-0018,WH-001,2334,459,413,2026-01-09
INV-PRD-0018-WH-002,PRD-0018,WH-002,40,0,413,2025-12-17
INV-PRD-0018-WH-003,PRD-0018,WH-003,974,311,413,2026-01-03
INV-PRD-0018-WH-004,PRD-0018,WH-004,899,154,413,2025-12-08
INV-PRD-0018-WH-005,PRD-0018,WH-005,214,58,413,2025-12-05
INV-PRD-0018-WH-006,PRD-0018,WH-006,255,76,413,2026-01-04
INV-PRD-0018-WH-007,PRD-0018,WH-007,263,73,413,2025-12-16
INV-PRD-0018-WH-008,PRD-0018,WH-008,1292,0,413,2026-01-09
INV-PRD-0019-WH-001,PRD-0019,WH-001,1066,95,213,2026-01-12
INV-PRD-0019-WH-002,PRD-0019,WH-002,951,34,213,2026-01-31
INV-PRD-0019-WH-003,PRD-0019,WH-003,1252,283,213,2025-12-02
INV-PRD-0019-WH-004,PRD-0019,WH-004,257,81,213,2025-12-25
INV-PRD-0019-WH-005,PRD-0019,WH-005,229,45,213,2026-01-20
INV-PRD-0019-WH-006,PRD-0019,WH-006,61,21,213,2026-01-10
INV-PRD-0019-WH-007,PRD-0019,WH-007,148,47,213,2026-01-18
INV-PRD-0019-WH-008,PRD-0019,WH-008,303,69,213,2025-12-22
INV-PRD-0020-WH-001,PRD-0020,WH-001,744,245,269,2026-01-10
INV-PRD-0020-WH-002,PRD-0020,WH-002,333,91,269,2026-01-19
INV-PRD-0020-WH-003,PRD-0020,WH-003,419,51,269,2025-12-03
INV-PRD-0020-WH-004,PRD-0020,WH-004,430,79,269,2026-01-02
INV-PRD-0020-WH-005,PRD-0020,WH-005,1238,129,269,2025-12-03
INV-PRD-0020-WH-006,PRD-0020,WH-006,561,91,269,2026-01-25
INV-PRD-0020-WH-007,PRD-0020,WH-007,948,139,269,2025-12-08
INV-PRD-0020-WH-008,PRD-0020,WH-008,1088,380,269,2025-12-29
INV-PRD-0021-WH-001,PRD-0021,WH-001,514,47,167,2026-01-01
INV-PRD-0021-WH-002,PRD-0021,WH-002,640,204,167,2026-01-03
INV-PRD-0021-WH-003,PRD-0021,WH-003,275,10,167,2025-12-28
INV-PRD-0021-WH-004,PRD-0021,WH-004,446,75,167,2025-12-21
INV-PRD-0021-WH-005,PRD-0021,WH-005,83,21,167,2025-12-19
INV-PRD-0021-WH-006,PRD-0021,WH-006,901,218,167,2025-12-11
INV-PRD-0021-WH-007,PRD-0021,WH-007,395,10,167,2026-01-16
INV-PRD-0021-WH-008,PRD-0021,WH-008,481,111,167,2025-12-18
INV-PRD-0022-WH-001,PRD-0022,WH-001,99,25,90,2025-12-24
INV-PRD-0022-WH-002,PRD-0022,WH-002,253,3,90,2025-12-10
INV-PRD-0022-WH-003,PRD-0022,WH-003,538,8,90,2025-12-09
INV-PRD-0022-WH-004,PRD-0022,WH-004,82,11,90,2025-12-24
INV-PRD-0022-WH-005,PRD-0022,WH-005,106,9,90,2026-01-13
INV-PRD-0022-WH-006,PRD-0022,WH-006,280,56,90,2026-01-18
INV-PRD-0022-WH-007,PRD-0022,WH-007,17,4,90,2025-12-24
INV-PRD-0022-WH-008,PRD-0022,WH-008,375,63,90,2026-01-31
INV-PRD-0023-WH-001,PRD-0023,WH-001,94,11,125,2026-01-01
INV-PRD-0023-WH-002,PRD-0023,WH-002,245,33,125,2026-01-19
INV-PRD-0023-WH-003,PRD-0023,WH-003,234,78,125,2025-12-19
INV-PRD-0023-WH-004,PRD-0023,WH-004,227,15,125,2025-12-09
INV-PRD-0023-WH-005,PRD-0023,WH-005,213,56,125,2025-12-06
INV-PRD-0023-WH-006,PRD-0023,WH-006,466,88,125,2026-01-15
INV-PRD-0023-WH-007,PRD-0023,WH-007,69,9,125,2026-01-27
INV-PRD-0023-WH-008,PRD-0023,WH-008,307,90,125,2026-01-29
INV-PRD-0024-WH-001,PRD-0024,WH-001,162,32,70,2025-12-15
INV-PRD-0024-WH-002,PRD-0024,WH-002,105,15,70,2026-01-20
INV-PRD-0024-WH-003,PRD-0024,WH-003,211,73,70,2025-12-24
INV-PRD-0024-WH-004,PRD-0024,WH-004,136,39,70,2026-01-26
INV-PRD-0024-WH-005,PRD-0024,WH-005,39,6,70,2026-01-15
INV-PRD-0024-WH-006,PRD-0024,WH-006,280,98,70,2025-12-27
INV-PRD-0024-WH-007,PRD-0024,WH-007,86,10,70,2026-01-11
INV-PRD-0024-WH-008,PRD-0024,WH-008,59,16,70,2025-12-23
INV-PRD-0025-WH-001,PRD-0025,WH-001,830,93,175,2026-01-19
INV-PRD-0025-WH-002,PRD-0025,WH-002,689,233,175,2026-01-25
INV-PRD-0025-WH-003,PRD-0025,WH-003,31,8,175,2025-12-10
INV-PRD-0025-WH-004,PRD-0025,WH-004,340,90,175,2025-12-15
INV-PRD-0025-WH-005,PRD-0025,WH-005,465,20,175,2025-12-17
INV-PRD-0025-WH-006,PRD-0025,WH-006,456,32,175,2026-01-10
INV-PRD-0025-WH-007,PRD-0025,WH-007,270,64,175,2026-01-11
INV-PRD-0025-WH-008,PRD-0025,WH-008,332,21,175,2026-01-12
INV-PRD-0026-WH-001,PRD-0026,WH-001,1823,577,441,2025-12-03
INV-PRD-0026-WH-002,PRD-0026,WH-002,482,11,441,2026-01-30
INV-PRD-0026-WH-003,PRD-0026,WH-003,1525,215,441,2026-01-19
INV-PRD-0026-WH-004,PRD-0026,WH-004,565,127,441,2026-01-26
INV-PRD-0026-WH-005,PRD-0026,WH-005,1755,309,441,2025-12-31
INV-PRD-0026-WH-006,PRD-0026,WH-006,2104,304,441,2025-12-30
INV-PRD-0026-WH-007,PRD-0026,WH-007,30,2,441,2025-12-29
INV-PRD-0026-WH-008,PRD-0026,WH-008,858,174,441,2026-01-08
INV-PRD-0027-WH-001,PRD-0027,WH-001,477,88,151,2025-12-26
INV-PRD-0027-WH-002,PRD-0027,WH-002,414,143,151,2025-12-07
INV-PRD-0027-WH-003,PRD-0027,WH-003,276,34,151,2025-12-29
INV-PRD-0027-WH-004,PRD-0027,WH-004,163,18,151,2026-01-30
INV-PRD-0027-WH-005,PRD-0027,WH-005,579,63,151,2026-01-31
INV-PRD-0027-WH-006,PRD-0027,WH-006,318,73,151,2026-01-16
INV-PRD-0027-WH-007,PRD-0027,WH-007,406,131,151,2025-12-30
INV-PRD-0027-WH-008,PRD-0027,WH-008,405,5,151,2025-12-06
INV-PRD-0028-WH-001,PRD-0028,WH-001,299,30,65,2025-12-14
INV-PRD-0028-WH-002,PRD-0028,WH-002,71,9,65,2026-01-01
INV-PRD-0028-WH-003,PRD-0028,WH-003,409,120,65,2025-12-19
INV-PRD-0028-WH-004,PRD-0028,WH-004,120,8,65,2026-01-26
INV-PRD-0028-WH-005,PRD-0028,WH-005,260,51,65,2025-12-24
INV-PRD-0028-WH-006,PRD-0028,WH-006,6,2,65,2026-01-05
INV-PRD-0028-WH-007,PRD-0028,WH-007,212,9,65,2025-12-25
INV-PRD-0028-WH-008,PRD-0028,WH-008,208,15,65,2025-12-09
INV-PRD-0029-WH-001,PRD-0029,WH-001,272,43,81,2026-01-05
INV-PRD-0029-WH-002,PRD-0029,WH-002,131,38,81,2026-01-02
INV-PRD-0029-WH-003,PRD-0029,WH-003,86,1,81,2025-12-09
INV-PRD-0029-WH-004,PRD-0029,WH-004,346,58,81,2025-12-10
INV-PRD-0029-WH-005,PRD-0029,WH-005,152,20,81,2026-01-29
INV-PRD-0029-WH-006,PRD-0029,WH-006,181,38,81,2026-01-07
INV-PRD-0029-WH-007,PRD-0029,WH-007,353,62,81,2026-01-15
INV-PRD-0029-WH-008,PRD-0029,WH-008,89,23,81,2025-12-22
INV-PRD-0030-WH-001,PRD-0030,WH-001,843,157,246,2026-01-20
INV-PRD-0030-WH-002,PRD-0030,WH-002,1534,27,246,2026-01-08
INV-PRD-0030-WH-003,PRD-0030,WH-003,1430,295,246,2025-12-15
INV-PRD-0030-WH-004,PRD-0030,WH-004,1229,87,246,2026-01-03
INV-PRD-0030-WH-005,PRD-0030,WH-005,1024,75,246,2026-01-22
INV-PRD-0030-WH-006,PRD-0030,WH-006,392,28,246,2025-12-13
INV-PRD-0030-WH-007,PRD-0030,WH-007,80,13,246,2025-12-10
INV-PRD-0030-WH-008,PRD-0030,WH-008,456,128,246,2026-01-19
INV-PRD-0031-WH-001,PRD-0031,WH-001,484,35,357,2026-01-03
INV-PRD-0031-WH-002,PRD-0031,WH-002,1336,269,357,2025-12-25
INV-PRD-0031-WH-003,PRD-0031,WH-003,827,272,357,2025-12-22
INV-PRD-0031-WH-004,PRD-0031,WH-004,1439,312,357,2025-12-31
INV-PRD-0031-WH-005,PRD-0031,WH-005,642,142,357,2025-12-20
INV-PRD-0031-WH-006,PRD-0031,WH-006,948,106,357,2026-01-14
INV-PRD-0031-WH-007,PRD-0031,WH-007,1339,178,357,2026-01-05
INV-PRD-0031-WH-008,PRD-0031,WH-008,1477,294,357,2025-12-08
INV-PRD-0032-WH-001,PRD-0032,WH-001,1084,202,307,2026-01-22
INV-PRD-0032-WH-002,PRD-0032,WH-002,604,10,307,2025-12-19
INV-PRD-0032-WH-003,PRD-0032,WH-003,484,113,307,2026-01-11
INV-PRD-0032-WH-004,PRD-0032,WH-004,745,103,307,2026-01-22
INV-PRD-0032-WH-005,PRD-0032,WH-005,1732,278,307,2025-12-09
INV-PRD-0032-WH-006,PRD-0032,WH-006,300,30,307,2025-12-16
INV-PRD-0032-WH-007,PRD-0032,WH-007,271,28,307,2026-01-10
INV-PRD-0032-WH-008,PRD-0032,WH-008,518,84,307,2026-01-15
INV-PRD-0033-WH-001,PRD-0033,WH-001,481,1,200,2026-01-31
INV-PRD-0033-WH-002,PRD-0033,WH-002,408,121,200,2025-12-31
INV-PRD-0033-WH-003,PRD-0033,WH-003,528,73,200,2026-01-11
INV-PRD-0033-WH-004,PRD-0033,WH-004,196,11,200,2026-01-11
INV-PRD-0033-WH-005,PRD-0033,WH-005,956,19,200,2026-01-28
INV-PRD-0033-WH-006,PRD-0033,WH-006,380,9,200,2026-01-23
INV-PRD-0033-WH-007,PRD-0033,WH-007,390,74,200,2026-01-26
INV-PRD-0033-WH-008,PRD-0033,WH-008,76,18,200,2026-01-08
INV-PRD-0034-WH-001,PRD-0034,WH-001,171,18,370,2025-12-30
INV-PRD-0034-WH-002,PRD-0034,WH-002,1443,252,370,2026-01-26
INV-PRD-0034-WH-003,PRD-0034,WH-003,1328,139,370,2025-12-13
INV-PRD-0034-WH-004,PRD-0034,WH-004,702,187,370,2025-12-30
INV-PRD-0034-WH-005,PRD-0034,WH-005,1132,7,370,2026-01-17
INV-PRD-0034-WH-006,PRD-0034,WH-006,765,89,370,2026-01-09
INV-PRD-0034-WH-007,PRD-0034,WH-007,1245,263,370,2025-12-21
INV-PRD-0034-WH-008,PRD-0034,WH-008,342,12,370,2025-12-12
INV-PRD-0035-WH-001,PRD-0035,WH-001,126,15,44,2025-12-01
INV-PRD-0035-WH-002,PRD-0035,WH-002,101,17,44,2026-01-31
INV-PRD-0035-WH-003,PRD-0035,WH-003,229,73,44,2025-12-01
INV-PRD-0035-WH-004,PRD-0035,WH-004,104,3,44,2026-01-12
INV-PRD-0035-WH-005,PRD-0035,WH-005,19,1,44,2025-12-26
INV-PRD-0035-WH-006,PRD-0035,WH-006,203,15,44,2026-01-10
INV-PRD-0035-WH-007,PRD-0035,WH-007,138,39,44,2025-12-15
INV-PRD-0035-WH-008,PRD-0035,WH-008,105,9,44,2025-12-30
INV-PRD-0036-WH-001,PRD-0036,WH-001,1064,212,299,2026-01-14
INV-PRD-0036-WH-002,PRD-0036,WH-002,1399,410,299,2026-01-12
INV-PRD-0036-WH-003,PRD-0036,WH-003,382,114,299,2026-01-03
INV-PRD-0036-WH-004,PRD-0036,WH-004,587,28,299,2025-12-04
INV-PRD-0036-WH-005,PRD-0036,WH-005,713,146,299,2026-01-04
INV-PRD-0036-WH-006,PRD-0036,WH-006,1173,266,299,2025-12-29
INV-PRD-0036-WH-007,PRD-0036,WH-007,105,31,299,2025-12-06
INV-PRD-0036-WH-008,PRD-0036,WH-008,412,116,299,2025-12-09
INV-PRD-0037-WH-001,PRD-0037,WH-001,742,29,165,2026-01-05
INV-PRD-0037-WH-002,PRD-0037,WH-002,535,5,165,2025-12-26
INV-PRD-0037-WH-003,PRD-0037,WH-003,220,74,165,2025-12-05
INV-PRD-0037-WH-004,PRD-0037,WH-004,88,22,165,2025-12-05
INV-PRD-0037-WH-005,PRD-0037,WH-005,182,60,165,2025-12-03
INV-PRD-0037-WH-006,PRD-0037,WH-006,234,53,165,2025-12-24
INV-PRD-0037-WH-007,PRD-0037,WH-007,624,96,165,2025-12-25
INV-PRD-0037-WH-008,PRD-0037,WH-008,138,8,165,2026-01-11
INV-PRD-0038-WH-001,PRD-0038,WH-001,491,137,400,2025-12-26
INV-PRD-0038-WH-002,PRD-0038,WH-002,1312,427,400,2025-12-01
INV-PRD-0038-WH-003,PRD-0038,WH-003,1348,344,400,2026-01-16
INV-PRD-0038-WH-004,PRD-0038,WH-004,1176,117,400,2025-12-16
INV-PRD-0038-WH-005,PRD-0038,WH-005,682,48,400,2026-01-29
INV-PRD-0038-WH-006,PRD-0038,WH-006,416,107,400,2026-01-09
INV-PRD-0038-WH-007,PRD-0038,WH-007,523,52,400,2025-12-05
INV-PRD-0038-WH-008,PRD-0038,WH-008,17,3,400,2026-01-08
INV-PRD-0039-WH-001,PRD-0039,WH-001,255,5,193,2025-12-26
INV-PRD-0039-WH-002,PRD-0039,WH-002,415,14,193,2025-12-09
INV-PRD-0039-WH-003,PRD-0039,WH-003,432,147,193,2025-12-21
INV-PRD-0039-WH-004,PRD-0039,WH-004,849,121,193,2025-12-20
INV-PRD-0039-WH-005,PRD-0039,WH-005,1260,113,193,2025-12-27
INV-PRD-0039-WH-006,PRD-0039,WH-006,335,75,193,2026-01-26
INV-PRD-0039-WH-007,PRD-0039,WH-007,513,173,193,2025-12-28
INV-PRD-0039-WH-008,PRD-0039,WH-008,281,82,193,2026-01-12
INV-PRD-0040-WH-001,PRD-0040,WH-001,1725,426,420,2025-12-27
INV-PRD-0040-WH-002,PRD-0040,WH-002,796,275,420,2025-12-31
INV-PRD-0040-WH-003,PRD-0040,WH-003,727,219,420,2026-01-15
INV-PRD-0040-WH-004,PRD-0040,WH-004,538,143,420,2025-12-27
INV-PRD-0040-WH-005,PRD-0040,WH-005,969,198,420,2025-12-16
INV-PRD-0040-WH-006,PRD-0040,WH-006,581,115,420,2026-01-24
INV-PRD-0040-WH-007,PRD-0040,WH-007,1200,26,420,2025-12-18
INV-PRD-0040-WH-008,PRD-0040,WH-008,581,18,420,2025-12-13
INV-PRD-0041-WH-001,PRD-0041,WH-001,834,286,147,2025-12-14
INV-PRD-0041-WH-002,PRD-0041,WH-002,302,1,147,2025-12-14
INV-PRD-0041-WH-003,PRD-0041,WH-003,267,61,147,2026-01-28
INV-PRD-0041-WH-004,PRD-0041,WH-004,867,104,147,2025-12-26
INV-PRD-0041-WH-005,PRD-0041,WH-005,476,72,147,2025-12-25
INV-PRD-0041-WH-006,PRD-0041,WH-006,514,78,147,2025-12-17
INV-PRD-0041-WH-007,PRD-0041,WH-007,624,25,147,2026-01-21
INV-PRD-0041-WH-008,PRD-0041,WH-008,474,52,147,2025-12-24
INV-PRD-0042-WH-001,PRD-0042,WH-001,94,9,66,2025-12-02
INV-PRD-0042-WH-002,PRD-0042,WH-002,362,92,66,2025-12-27
INV-PRD-0042-WH-003,PRD-0042,WH-003,150,14,66,2025-12-25
INV-PRD-0042-WH-004,PRD-0042,WH-004,193,43,66,2025-12-17
INV-PRD-0042-WH-005,PRD-0042,WH-005,317,58,66,2025-12-11
INV-PRD-0042-WH-006,PRD-0042,WH-006,109,8,66,2026-01-16
INV-PRD-0042-WH-007,PRD-0042,WH-007,81,16,66,2025-12-03
INV-PRD-0042-WH-008,PRD-0042,WH-008,72,24,66,2025-12-01
INV-PRD-0043-WH-001,PRD-0043,WH-001,100,4,41,2026-01-15
INV-PRD-0043-WH-002,PRD-0043,WH-002,105,29,41,2025-12-24
INV-PRD-0043-WH-003,PRD-0043,WH-003,40,10,41,2026-01-29
INV-PRD-0043-WH-004,PRD-0043,WH-004,165,1,41,2025-12-01
INV-PRD-0043-WH-005,PRD-0043,WH-005,44,0,41,2026-01-03
INV-PRD-0043-WH-006,PRD-0043,WH-006,114,1,41,2026-01-02
INV-PRD-0043-WH-007,PRD-0043,WH-007,151,51,41,2026-01-30
INV-PRD-0043-WH-008,PRD-0043,WH-008,47,16,41,2025-12-10
INV-PRD-0044-WH-001,PRD-0044,WH-001,661,64,122,2026-01-22
INV-PRD-0044-WH-002,PRD-0044,WH-002,162,23,122,2026-01-31
INV-PRD-0044-WH-003,PRD-0044,WH-003,371,57,122,2025-12-20
INV-PRD-0044-WH-004,PRD-0044,WH-004,205,4,122,2025-12-06
INV-PRD-0044-WH-005,PRD-0044,WH-005,404,121,122,2025-12-04
INV-PRD-0044-WH-006,PRD-0044,WH-006,297,10,122,2026-01-01
INV-PRD-0044-WH-007,PRD-0044,WH-007,461,144,122,2026-01-24
INV-PRD-0044-WH-008,PRD-0044,WH-008,165,14,122,2025-12-14
INV-PRD-0045-WH-001,PRD-0045,WH-001,532,145,78,2025-12-31
INV-PRD-0045-WH-002,PRD-0045,WH-002,113,34,78,2026-01-06
INV-PRD-0045-WH-003,PRD-0045,WH-003,158,1,78,2026-01-31
INV-PRD-0045-WH-004,PRD-0045,WH-004,179,59,78,2025-12-05
INV-PRD-0045-WH-005,PRD-0045,WH-005,201,49,78,2026-01-13
INV-PRD-0045-WH-006,PRD-0045,WH-006,176,48,78,2026-01-17
INV-PRD-0045-WH-007,PRD-0045,WH-007,448,20,78,2026-01-02
INV-PRD-0045-WH-008,PRD-0045,WH-008,91,6,78,2025-12-28
INV-PRD-0046-WH-001,PRD-0046,WH-001,496,154,322,2026-01-19
INV-PRD-0046-WH-002,PRD-0046,WH-002,1134,396,322,2025-12-21
INV-PRD-0046-WH-003,PRD-0046,WH-003,139,28,322,2026-01-01
INV-PRD-0046-WH-004,PRD-0046,WH-004,1090,221,322,2025-12-12
INV-PRD-0046-WH-005,PRD-0046,WH-005,1100,43,322,2026-01-19
INV-PRD-0046-WH-006,PRD-0046,WH-006,397,21,322,2025-12-18
INV-PRD-0046-WH-007,PRD-0046,WH-007,1927,649,322,2025-12-10
INV-PRD-0046-WH-008,PRD-0046,WH-008,691,27,322,2025-12-06
INV-PRD-0047-WH-001,PRD-0047,WH-001,78,14,226,2025-12-24
INV-PRD-0047-WH-002,PRD-0047,WH-002,259,11,226,2025-12-12
INV-PRD-0047-WH-003,PRD-0047,WH-003,1275,208,226,2025-12-07
INV-PRD-0047-WH-004,PRD-0047,WH-004,90,5,226,2026-01-08
INV-PRD-0047-WH-005,PRD-0047,WH-005,620,3,226,2025-12-19
INV-PRD-0047-WH-006,PRD-0047,WH-006,411,143,226,2026-01-27
INV-PRD-0047-WH-007,PRD-0047,WH-007,518,133,226,2025-12-11
INV-PRD-0047-WH-008,PRD-0047,WH-008,297,34,226,2025-12-20
INV-PRD-0048-WH-001,PRD-0048,WH-001,445,42,381,2025-12-28
INV-PRD-0048-WH-002,PRD-0048,WH-002,1372,400,381,2025-12-05
INV-PRD-0048-WH-003,PRD-0048,WH-003,1119,320,381,2026-01-01
INV-PRD-0048-WH-004,PRD-0048,WH-004,849,54,381,2025-12-09
INV-PRD-0048-WH-005,PRD-0048,WH-005,1061,317,381,2025-12-25
INV-PRD-0048-WH-006,PRD-0048,WH-006,1282,171,381,2025-12-28
INV-PRD-0048-WH-007,PRD-0048,WH-007,938,153,381,2025-12-21
INV-PRD-0048-WH-008,PRD-0048,WH-008,1203,245,381,2025-12-21
INV-PRD-0049-WH-001,PRD-0049,WH-001,1010,149,357,2026-01-17
INV-PRD-0049-WH-002,PRD-0049,WH-002,1536,248,357,2025-12-21
INV-PRD-0049-WH-003,PRD-0049,WH-003,1104,58,357,2026-01-29
INV-PRD-0049-WH-004,PRD-0049,WH-004,1474,184,357,2026-01-13
INV-PRD-0049-WH-005,PRD-0049,WH-005,593,181,357,2025-12-14
INV-PRD-0049-WH-006,PRD-0049,WH-006,498,104,357,2026-01-13
INV-PRD-0049-WH-007,PRD-0049,WH-007,1597,247,357,2025-12-17
INV-PRD-0049-WH-008,PRD-0049,WH-008,2090,386,357,2025-12-05
INV-PRD-0050-WH-001,PRD-0050,WH-001,1232,298,251,2025-12-26
INV-PRD-0050-WH-002,PRD-0050,WH-002,1107,278,251,2025-12-03
INV-PRD-0050-WH-003,PRD-0050,WH-003,969,274,251,2026-01-08
INV-PRD-0050-WH-004,PRD-0050,WH-004,278,31,251,2026-01-12
INV-PRD-0050-WH-005,PRD-0050,WH-005,582,156,251,2025-12-03
INV-PRD-0050-WH-006,PRD-0050,WH-006,1638,409,251,2026-01-31
INV-PRD-0050-WH-007,PRD-0050,WH-007,359,1,251,2025-12-07
INV-PRD-0050-WH-008,PRD-0050,WH-008,1313,285,251,2026-01-07
INV-PRD-0051-WH-001,PRD-0051,WH-001,896,191,440,2025-12-26
INV-PRD-0051-WH-002,PRD-0051,WH-002,2850,707,440,2026-01-02
INV-PRD-0051-WH-003,PRD-0051,WH-003,687,26,440,2025-12-19
INV-PRD-0051-WH-004,PRD-0051,WH-004,499,36,440,2025-12-23
INV-PRD-0051-WH-005,PRD-0051,WH-005,2046,211,440,2026-01-03
INV-PRD-0051-WH-006,PRD-0051,WH-006,639,112,440,2026-01-16
INV-PRD-0051-WH-007,PRD-0051,WH-007,577,76,440,2025-12-03
INV-PRD-0051-WH-008,PRD-0051,WH-008,451,87,440,2026-01-11
INV-PRD-0052-WH-001,PRD-0052,WH-001,21,3,95,2026-01-03
INV-PRD-0052-WH-002,PRD-0052,WH-002,179,35,95,2025-12-28
INV-PRD-0052-WH-003,PRD-0052,WH-003,198,23,95,2025-12-12
INV-PRD-0052-WH-004,PRD-0052,WH-004,297,3,95,2026-01-17
INV-PRD-0052-WH-005,PRD-0052,WH-005,210,54,95,2025-12-25
INV-PRD-0052-WH-006,PRD-0052,WH-006,27,3,95,2025-12-18
INV-PRD-0052-WH-007,PRD-0052,WH-007,168,6,95,2026-01-21
INV-PRD-0052-WH-008,PRD-0052,WH-008,188,41,95,2025-12-13
INV-PRD-0053-WH-001,PRD-0053,WH-001,485,125,142,2026-01-03
INV-PRD-0053-WH-002,PRD-0053,WH-002,447,99,142,2026-01-09
INV-PRD-0053-WH-003,PRD-0053,WH-003,231,45,142,2026-01-24
INV-PRD-0053-WH-004,PRD-0053,WH-004,294,78,142,2026-01-07
INV-PRD-0053-WH-005,PRD-0053,WH-005,34,5,142,2025-12-08
INV-PRD-0053-WH-006,PRD-0053,WH-006,188,47,142,2026-01-14
INV-PRD-0053-WH-007,PRD-0053,WH-007,570,152,142,2025-12-09
INV-PRD-0053-WH-008,PRD-0053,WH-008,332,62,142,2026-01-10
INV-PRD-0054-WH-001,PRD-0054,WH-001,331,71,154,2025-12-11
INV-PRD-0054-WH-002,PRD-0054,WH-002,249,40,154,2026-01-23
INV-PRD-0054-WH-003,PRD-0054,WH-003,245,1,154,2026-01-01
INV-PRD-0054-WH-004,PRD-0054,WH-004,729,253,154,2025-12-27
INV-PRD-0054-WH-005,PRD-0054,WH-005,608,125,154,2025-12-11
INV-PRD-0054-WH-006,PRD-0054,WH-006,7,0,154,2025-12-19
INV-PRD-0054-WH-007,PRD-0054,WH-007,57,17,154,2025-12-19
INV-PRD-0054-WH-008,PRD-0054,WH-008,733,253,154,2026-01-05
INV-PRD-0055-WH-001,PRD-0055,WH-001,133,17,75,2026-01-19
INV-PRD-0055-WH-002,PRD-0055,WH-002,213,5,75,2026-01-18
INV-PRD-0055-WH-003,PRD-0055,WH-003,186,54,75,2025-12-07
INV-PRD-0055-WH-004,PRD-0055,WH-004,459,63,75,2025-12-20
INV-PRD-0055-WH-005,PRD-0055,WH-005,132,16,75,2025-12-23
INV-PRD-0055-WH-006,PRD-0055,WH-006,131,7,75,2026-01-19
INV-PRD-0055-WH-007,PRD-0055,WH-007,225,44,75,2026-01-25
INV-PRD-0055-WH-008,PRD-0055,WH-008,294,21,75,2026-01-09
INV-PRD-0056-WH-001,PRD-0056,WH-001,598,206,387,2025-12-04
INV-PRD-0056-WH-002,PRD-0056,WH-002,962,305,387,2026-01-04
INV-PRD-0056-WH-003,PRD-0056,WH-003,1585,296,387,2026-01-06
INV-PRD-0056-WH-004,PRD-0056,WH-004,2230,695,387,2026-01-22
INV-PRD-0056-WH-005,PRD-0056,WH-005,384,105,387,2026-01-28
INV-PRD-0056-WH-006,PRD-0056,WH-006,141,41,387,2025-12-09
INV-PRD-0056-WH-007,PRD-0056,WH-007,642,37,387,2026-01-15
INV-PRD-0056-WH-008,PRD-0056,WH-008,1079,201,387,2026-01-01
INV-PRD-0057-WH-001,PRD-0057,WH-001,723,160,173,2025-12-27
INV-PRD-0057-WH-002,PRD-0057,WH-002,335,101,173,2026-01-26
INV-PRD-0057-WH-003,PRD-0057,WH-003,700,191,173,2025-12-18
INV-PRD-0057-WH-004,PRD-0057,WH-004,638,124,173,2025-12-21
INV-PRD-0057-WH-005,PRD-0057,WH-005,363,117,173,2026-01-10
INV-PRD-0057-WH-006,PRD-0057,WH-006,237,68,173,2025-12-26
INV-PRD-0057-WH-007,PRD-0057,WH-007,389,126,173,2025-12-18
INV-PRD-0057-WH-008,PRD-0057,WH-008,518,140,173,2026-01-06
INV-PRD-0058-WH-001,PRD-0058,WH-001,1023,175,216,2026-01-27
INV-PRD-0058-WH-002,PRD-0058,WH-002,227,12,216,2026-01-10
INV-PRD-0058-WH-003,PRD-0058,WH-003,232,15,216,2026-01-29
INV-PRD-0058-WH-004,PRD-0058,WH-004,683,0,216,2026-01-31
INV-PRD-0058-WH-005,PRD-0058,WH-005,486,166,216,2025-12-20
INV-PRD-0058-WH-006,PRD-0058,WH-006,311,83,216,2025-12-24
INV-PRD-0058-WH-007,PRD-0058,WH-007,385,13,216,2025-12-26
INV-PRD-0058-WH-008,PRD-0058,WH-008,695,109,216,2026-01-11
INV-PRD-0059-WH-001,PRD-0059,WH-001,12,0,99,2025-12-14
INV-PRD-0059-WH-002,PRD-0059,WH-002,250,28,99,2026-01-03
INV-PRD-0059-WH-003,PRD-0059,WH-003,100,21,99,2026-01-22
INV-PRD-0059-WH-004,PRD-0059,WH-004,454,33,99,2025-12-31
INV-PRD-0059-WH-005,PRD-0059,WH-005,49,2,99,2026-01-16
INV-PRD-0059-WH-006,PRD-0059,WH-006,139,23,99,2026-01-26
INV-PRD-0059-WH-007,PRD-0059,WH-007,495,34,99,2026-01-11
INV-PRD-0059-WH-008,PRD-0059,WH-008,116,33,99,2026-01-06
INV-PRD-0060-WH-001,PRD-0060,WH-001,84,14,263,2025-12-23
INV-PRD-0060-WH-002,PRD-0060,WH-002,1795,155,263,2026-01-28
INV-PRD-0060-WH-003,PRD-0060,WH-003,1169,111,263,2025-12-06
INV-PRD-0060-WH-004,PRD-0060,WH-004,389,98,263,2025-12-23
INV-PRD-0060-WH-005,PRD-0060,WH-005,406,63,263,2025-12-18
INV-PRD-0060-WH-006,PRD-0060,WH-006,554,176,263,2025-12-02
INV-PRD-0060-WH-007,PRD-0060,WH-007,880,105,263,2026-01-03
INV-PRD-0060-WH-008,PRD-0060,WH-008,664,75,263,2026-01-11
INV-PRD-0061-WH-001,PRD-0061,WH-001,122,31,380,2025-12-25
INV-PRD-0061-WH-002,PRD-0061,WH-002,255,81,380,2026-01-08
INV-PRD-0061-WH-003,PRD-0061,WH-003,6,1,380,2026-01-29
INV-PRD-0061-WH-004,PRD-0061,WH-004,1544,430,380,2025-12-24
INV-PRD-0061-WH-005,PRD-0061,WH-005,862,37,380,2025-12-02
INV-PRD-0061-WH-006,PRD-0061,WH-006,514,55,380,2025-12-03
INV-PRD-0061-WH-007,PRD-0061,WH-007,1417,146,380,2026-01-10
INV-PRD-0061-WH-008,PRD-0061,WH-008,1247,359,380,2025-12-26
INV-PRD-0062-WH-001,PRD-0062,WH-001,274,68,408,2026-01-09
INV-PRD-0062-WH-002,PRD-0062,WH-002,566,20,408,2026-01-02
INV-PRD-0062-WH-003,PRD-0062,WH-003,957,167,408,2025-12-26
INV-PRD-0062-WH-004,PRD-0062,WH-004,678,79,408,2026-01-14
INV-PRD-0062-WH-005,PRD-0062,WH-005,467,62,408,2025-12-06
INV-PRD-0062-WH-006,PRD-0062,WH-006,640,156,408,2026-01-08
INV-PRD-0062-WH-007,PRD-0062,WH-007,341,94,408,2026-01-12
INV-PRD-0062-WH-008,PRD-0062,WH-008,414,35,408,2026-01-14
INV-PRD-0063-WH-001,PRD-0063,WH-001,127,22,246,2026-01-03
INV-PRD-0063-WH-002,PRD-0063,WH-002,776,85,246,2025-12-24
INV-PRD-0063-WH-003,PRD-0063,WH-003,366,7,246,2025-12-22
INV-PRD-0063-WH-004,PRD-0063,WH-004,782,32,246,2025-12-17
INV-PRD-0063-WH-005,PRD-0063,WH-005,403,127,246,2025-12-30
INV-PRD-0063-WH-006,PRD-0063,WH-006,373,42,246,2025-12-24
INV-PRD-0063-WH-007,PRD-0063,WH-007,474,146,246,2026-01-13
INV-PRD-0063-WH-008,PRD-0063,WH-008,625,130,246,2025-12-01
INV-PRD-0064-WH-001,PRD-0064,WH-001,220,1,234,2025-12-16
INV-PRD-0064-WH-002,PRD-0064,WH-002,93,24,234,2026-01-28
INV-PRD-0064-WH-003,PRD-0064,WH-003,375,107,234,2025-12-15
INV-PRD-0064-WH-004,PRD-0064,WH-004,971,163,234,2025-12-18
INV-PRD-0064-WH-005,PRD-0064,WH-005,997,61,234,2026-01-02
INV-PRD-0064-WH-006,PRD-0064,WH-006,279,28,234,2026-01-21
INV-PRD-0064-WH-007,PRD-0064,WH-007,336,8,234,2026-01-26
INV-PRD-0064-WH-008,PRD-0064,WH-008,552,83,234,2025-12-06
INV-PRD-0065-WH-001,PRD-0065,WH-001,289,25,195,2025-12-19
INV-PRD-0065-WH-002,PRD-0065,WH-002,443,118,195,2025-12-24
INV-PRD-0065-WH-003,PRD-0065,WH-003,395,62,195,2025-12-10
INV-PRD-0065-WH-004,PRD-0065,WH-004,104,1,195,2025-12-15
INV-PRD-0065-WH-005,PRD-0065,WH-005,214,42,195,2025-12-01
INV-PRD-0065-WH-006,PRD-0065,WH-006,950,157,195,2025-12-07
INV-PRD-0065-WH-007,PRD-0065,WH-007,409,125,195,2026-01-31
INV-PRD-0065-WH-008,PRD-0065,WH-008,36,11,195,2025-12-18
INV-PRD-0066-WH-001,PRD-0066,WH-001,118,33,350,2025-12-27
INV-PRD-0066-WH-002,PRD-0066,WH-002,1288,382,350,2025-12-06
INV-PRD-0066-WH-003,PRD-0066,WH-003,623,163,350,2026-01-22
INV-PRD-0066-WH-004,PRD-0066,WH-004,1512,63,350,2025-12-28
INV-PRD-0066-WH-005,PRD-0066,WH-005,592,74,350,2025-12-17
INV-PRD-0066-WH-006,PRD-0066,WH-006,1018,162,350,2025-12-29
INV-PRD-0066-WH-007,PRD-0066,WH-007,453,34,350,2026-01-19
INV-PRD-0066-WH-008,PRD-0066,WH-008,429,27,350,2025-12-11
INV-PRD-0067-WH-001,PRD-0067,WH-001,357,15,149,2026-01-04
INV-PRD-0067-WH-002,PRD-0067,WH-002,380,78,149,2025-12-30
INV-PRD-0067-WH-003,PRD-0067,WH-003,172,10,149,2026-01-21
INV-PRD-0067-WH-004,PRD-0067,WH-004,862,20,149,2025-12-14
INV-PRD-0067-WH-005,PRD-0067,WH-005,224,11,149,2026-01-15
INV-PRD-0067-WH-006,PRD-0067,WH-006,351,65,149,2025-12-04
INV-PRD-0067-WH-007,PRD-0067,WH-007,568,44,149,2025-12-02
INV-PRD-0067-WH-008,PRD-0067,WH-008,718,191,149,2026-01-05
INV-PRD-0068-WH-001,PRD-0068,WH-001,178,51,126,2026-01-20
INV-PRD-0068-WH-002,PRD-0068,WH-002,133,14,126,2025-12-09
INV-PRD-0068-WH-003,PRD-0068,WH-003,316,87,126,2026-01-10
INV-PRD-0068-WH-004,PRD-0068,WH-004,200,33,126,2026-01-28
INV-PRD-0068-WH-005,PRD-0068,WH-005,134,12,126,2026-01-27
INV-PRD-0068-WH-006,PRD-0068,WH-006,149,51,126,2025-12-22
INV-PRD-0068-WH-007,PRD-0068,WH-007,151,10,126,2026-01-29
INV-PRD-0068-WH-008,PRD-0068,WH-008,530,127,126,2025-12-02
INV-PRD-0069-WH-001,PRD-0069,WH-001,737,181,384,2025-12-14
INV-PRD-0069-WH-002,PRD-0069,WH-002,957,228,384,2026-01-26
INV-PRD-0069-WH-003,PRD-0069,WH-003,1652,251,384,2026-01-11
INV-PRD-0069-WH-004,PRD-0069,WH-004,1511,490,384,2025-12-04
INV-PRD-0069-WH-005,PRD-0069,WH-005,196,17,384,2025-12-27
INV-PRD-0069-WH-006,PRD-0069,WH-006,894,278,384,2026-01-20
INV-PRD-0069-WH-007,PRD-0069,WH-007,195,45,384,2025-12-31
INV-PRD-0069-WH-008,PRD-0069,WH-008,1088,289,384,2026-01-02
INV-PRD-0070-WH-001,PRD-0070,WH-001,98,1,52,2025-12-21
INV-PRD-0070-WH-002,PRD-0070,WH-002,103,17,52,2025-12-04
INV-PRD-0070-WH-003,PRD-0070,WH-003,187,45,52,2026-01-19
INV-PRD-0070-WH-004,PRD-0070,WH-004,72,3,52,2025-12-16
INV-PRD-0070-WH-005,PRD-0070,WH-005,188,7,52,2026-01-18
INV-PRD-0070-WH-006,PRD-0070,WH-006,125,24,52,2025-12-23
INV-PRD-0070-WH-007,PRD-0070,WH-007,74,7,52,2026-01-07
INV-PRD-0070-WH-008,PRD-0070,WH-008,235,75,52,2025-12-02
INV-PRD-0071-WH-001,PRD-0071,WH-001,1595,145,433,2026-01-06
INV-PRD-0071-WH-002,PRD-0071,WH-002,1543,316,433,2025-12-12
INV-PRD-0071-WH-003,PRD-0071,WH-003,461,59,433,2026-01-08
INV-PRD-0071-WH-004,PRD-0071,WH-004,2390,0,433,2025-12-22
INV-PRD-0071-WH-005,PRD-0071,WH-005,1258,66,433,2025-12-22
INV-PRD-0071-WH-006,PRD-0071,WH-006,554,5,433,2025-12-10
INV-PRD-0071-WH-007,PRD-0071,WH-007,1225,56,433,2026-01-24
INV-PRD-0071-WH-008,PRD-0071,WH-008,581,95,433,2026-01-15
INV-PRD-0072-WH-001,PRD-0072,WH-001,1534,103,334,2025-12-22
INV-PRD-0072-WH-002,PRD-0072,WH-002,495,111,334,2026-01-20
INV-PRD-0072-WH-003,PRD-0072,WH-003,1663,324,334,2025-12-12
INV-PRD-0072-WH-004,PRD-0072,WH-004,1754,365,334,2025-12-15
INV-PRD-0072-WH-005,PRD-0072,WH-005,721,78,334,2026-01-16
INV-PRD-0072-WH-006,PRD-0072,WH-006,515,0,334,2026-01-30
INV-PRD-0072-WH-007,PRD-0072,WH-007,1135,394,334,2026-01-31
INV-PRD-0072-WH-008,PRD-0072,WH-008,950,162,334,2026-01-28
INV-PRD-0073-WH-001,PRD-0073,WH-001,341,81,115,2026-01-06
INV-PRD-0073-WH-002,PRD-0073,WH-002,63,4,115,2025-12-22
INV-PRD-0073-WH-003,PRD-0073,WH-003,203,40,115,2025-12-11
INV-PRD-0073-WH-004,PRD-0073,WH-004,220,42,115,2025-12-29
INV-PRD-0073-WH-005,PRD-0073,WH-005,26,3,115,2026-01-14
INV-PRD-0073-WH-006,PRD-0073,WH-006,32,1,115,2026-01-16
INV-PRD-0073-WH-007,PRD-0073,WH-007,49,14,115,2026-01-16
INV-PRD-0073-WH-008,PRD-0073,WH-008,341,52,115,2026-01-01
INV-PRD-0074-WH-001,PRD-0074,WH-001,409,96,130,2025-12-07
INV-PRD-0074-WH-002,PRD-0074,WH-002,360,20,130,2025-12-29
INV-PRD-0074-WH-003,PRD-0074,WH-003,8,1,130,2025-12-02
INV-PRD-0074-WH-004,PRD-0074,WH-004,148,21,130,2025-12-11
INV-PRD-0074-WH-005,PRD-0074,WH-005,168,35,130,2026-01-30
INV-PRD-0074-WH-006,PRD-0074,WH-006,216,61,130,2026-01-15
INV-PRD-0074-WH-007,PRD-0074,WH-007,42,9,130,2026-01-26
INV-PRD-0074-WH-008,PRD-0074,WH-008,155,21,130,2025-12-14
INV-PRD-0075-WH-001,PRD-0075,WH-001,458,141,102,2026-01-16
INV-PRD-0075-WH-002,PRD-0075,WH-002,237,36,102,2025-12-20
INV-PRD-0075-WH-003,PRD-0075,WH-003,152,36,102,2026-01-05
INV-PRD-0075-WH-004,PRD-0075,WH-004,115,23,102,2025-12-01
INV-PRD-0075-WH-005,PRD-0075,WH-005,347,25,102,2025-12-07
INV-PRD-0075-WH-006,PRD-0075,WH-006,21,4,102,2025-12-06
INV-PRD-0075-WH-007,PRD-0075,WH-007,141,25,102,2025-12-31
INV-PRD-0075-WH-008,PRD-0075,WH-008,373,23,102,2026-01-11
INV-PRD-0076-WH-001,PRD-0076,WH-001,732,195,353,2025-12-24
INV-PRD-0076-WH-002,PRD-0076,WH-002,487,112,353,2025-12-30
INV-PRD-0076-WH-003,PRD-0076,WH-003,479,38,353,2026-01-18
INV-PRD-0076-WH-004,PRD-0076,WH-004,396,88,353,2026-01-21
INV-PRD-0076-WH-005,PRD-0076,WH-005,818,283,353,2025-12-04
INV-PRD-0076-WH-006,PRD-0076,WH-006,1210,274,353,2026-01-13
INV-PRD-0076-WH-007,PRD-0076,WH-007,1525,241,353,2025-12-31
INV-PRD-0076-WH-008,PRD-0076,WH-008,424,128,353,2026-01-06
INV-PRD-0077-WH-001,PRD-0077,WH-001,1538,150,268,2025-12-08
INV-PRD-0077-WH-002,PRD-0077,WH-002,622,42,268,2025-12-14
INV-PRD-0077-WH-003,PRD-0077,WH-003,311,54,268,2025-12-06
INV-PRD-0077-WH-004,PRD-0077,WH-004,681,210,268,2026-01-10
INV-PRD-0077-WH-005,PRD-0077,WH-005,796,163,268,2026-01-28
INV-PRD-0077-WH-006,PRD-0077,WH-006,312,49,268,2026-01-05
INV-PRD-0077-WH-007,PRD-0077,WH-007,550,133,268,2025-12-30
INV-PRD-0077-WH-008,PRD-0077,WH-008,535,107,268,2025-12-08
INV-PRD-0078-WH-001,PRD-0078,WH-001,946,301,366,2026-01-07
INV-PRD-0078-WH-002,PRD-0078,WH-002,420,144,366,2026-01-19
INV-PRD-0078-WH-003,PRD-0078,WH-003,146,34,366,2026-01-26
INV-PRD-0078-WH-004,PRD-0078,WH-004,906,196,366,2026-01-11
INV-PRD-0078-WH-005,PRD-0078,WH-005,1334,19,366,2025-12-12
INV-PRD-0078-WH-006,PRD-0078,WH-006,999,311,366,2026-01-13
INV-PRD-0078-WH-007,PRD-0078,WH-007,568,84,366,2026-01-14
INV-PRD-0078-WH-008,PRD-0078,WH-008,2312,275,366,2026-01-27
INV-PRD-0079-WH-001,PRD-0079,WH-001,575,79,265,2025-12-18
INV-PRD-0079-WH-002,PRD-0079,WH-002,1667,100,265,2026-01-25
INV-PRD-0079-WH-003,PRD-0079,WH-003,1026,226,265,2026-01-19
INV-PRD-0079-WH-004,PRD-0079,WH-004,1011,213,265,2026-01-08
INV-PRD-0079-WH-005,PRD-0079,WH-005,717,54,265,2026-01-28
INV-PRD-0079-WH-006,PRD-0079,WH-006,1257,388,265,2026-01-03
INV-PRD-0079-WH-007,PRD-0079,WH-007,528,40,265,2025-12-05
INV-PRD-0079-WH-008,PRD-0079,WH-008,1091,69,265,2026-01-19
INV-PRD-0080-WH-001,PRD-0080,WH-001,232,22,203,2025-12-13
INV-PRD-0080-WH-002,PRD-0080,WH-002,232,31,203,2025-12-03
INV-PRD-0080-WH-003,PRD-0080,WH-003,406,70,203,2025-12-24
INV-PRD-0080-WH-004,PRD-0080,WH-004,609,162,203,2026-01-29
INV-PRD-0080-WH-005,PRD-0080,WH-005,264,47,203,2026-01-01
INV-PRD-0080-WH-006,PRD-0080,WH-006,445,150,203,2026-01-05
INV-PRD-0080-WH-007,PRD-0080,WH-007,335,95,203,2026-01-23
INV-PRD-0080-WH-008,PRD-0080,WH-008,231,49,203,2025-12-04
INV-PRD-0081-WH-001,PRD-0081,WH-001,674,219,236,2025-12-15
INV-PRD-0081-WH-002,PRD-0081,WH-002,659,68,236,2026-01-11
INV-PRD-0081-WH-003,PRD-0081,WH-003,457,2,236,2025-12-31
INV-PRD-0081-WH-004,PRD-0081,WH-004,590,153,236,2026-01-21
INV-PRD-0081-WH-005,PRD-0081,WH-005,64,19,236,2026-01-21
INV-PRD-0081-WH-006,PRD-0081,WH-006,1552,281,236,2025-12-28
INV-PRD-0081-WH-007,PRD-0081,WH-007,706,64,236,2025-12-14
INV-PRD-0081-WH-008,PRD-0081,WH-008,1302,422,236,2026-01-09
INV-PRD-0082-WH-001,PRD-0082,WH-001,320,65,317,2026-01-12
INV-PRD-0082-WH-002,PRD-0082,WH-002,891,304,317,2026-01-08
INV-PRD-0082-WH-003,PRD-0082,WH-003,538,123,317,2025-12-05
INV-PRD-0082-WH-004,PRD-0082,WH-004,972,166,317,2026-01-25
INV-PRD-0082-WH-005,PRD-0082,WH-005,1773,305,317,2025-12-13
INV-PRD-0082-WH-006,PRD-0082,WH-006,375,103,317,2026-01-12
INV-PRD-0082-WH-007,PRD-0082,WH-007,343,83,317,2026-01-01
INV-PRD-0082-WH-008,PRD-0082,WH-008,1245,214,317,2025-12-26
INV-PRD-0083-WH-001,PRD-0083,WH-001,388,48,239,2025-12-22
INV-PRD-0083-WH-002,PRD-0083,WH-002,590,136,239,2026-01-10
INV-PRD-0083-WH-003,PRD-0083,WH-003,973,259,239,2025-12-20
INV-PRD-0083-WH-004,PRD-0083,WH-004,1382,92,239,2025-12-19
INV-PRD-0083-WH-005,PRD-0083,WH-005,32,11,239,2025-12-17
INV-PRD-0083-WH-006,PRD-0083,WH-006,613,174,239,2026-01-27
INV-PRD-0083-WH-007,PRD-0083,WH-007,295,45,239,2025-12-15
INV-PRD-0083-WH-008,PRD-0083,WH-008,669,201,239,2026-01-26
INV-PRD-0084-WH-001,PRD-0084,WH-001,833,150,234,2025-12-30
INV-PRD-0084-WH-002,PRD-0084,WH-002,288,81,234,2026-01-07
INV-PRD-0084-WH-003,PRD-0084,WH-003,379,120,234,2026-01-26
INV-PRD-0084-WH-004,PRD-0084,WH-004,456,97,234,2026-01-03
INV-PRD-0084-WH-005,PRD-0084,WH-005,456,38,234,2025-12-09
INV-PRD-0084-WH-006,PRD-0084,WH-006,653,145,234,2026-01-27
INV-PRD-0084-WH-007,PRD-0084,WH-007,380,80,234,2026-01-25
INV-PRD-0084-WH-008,PRD-0084,WH-008,358,42,234,2026-01-10
INV-PRD-0085-WH-001,PRD-0085,WH-001,964,29,315,2025-12-01
INV-PRD-0085-WH-002,PRD-0085,WH-002,487,147,315,2026-01-18
INV-PRD-0085-WH-003,PRD-0085,WH-003,381,111,315,2026-01-10
INV-PRD-0085-WH-004,PRD-0085,WH-004,1292,196,315,2025-12-01
INV-PRD-0085-WH-005,PRD-0085,WH-005,102,23,315,2026-01-30
INV-PRD-0085-WH-006,PRD-0085,WH-006,164,48,315,2026-01-23
INV-PRD-0085-WH-007,PRD-0085,WH-007,317,80,315,2026-01-16
INV-PRD-0085-WH-008,PRD-0085,WH-008,2111,352,315,2025-12-20
INV-PRD-0086-WH-001,PRD-0086,WH-001,1293,301,263,2025-12-20
INV-PRD-0086-WH-002,PRD-0086,WH-002,415,74,263,2025-12-30
INV-PRD-0086-WH-003,PRD-0086,WH-003,1336,172,263,2025-12-28
INV-PRD-0086-WH-004,PRD-0086,WH-004,613,125,263,2025-12-23
INV-PRD-0086-WH-005,PRD-0086,WH-005,676,4,263,2025-12-15
INV-PRD-0086-WH-006,PRD-0086,WH-006,479,5,263,2026-01-07
INV-PRD-0086-WH-007,PRD-0086,WH-007,450,9,263,2025-12-25
INV-PRD-0086-WH-008,PRD-0086,WH-008,1052,273,263,2026-01-09
INV-PRD-0087-WH-001,PRD-0087,WH-001,24,1,410,2026-01-11
INV-PRD-0087-WH-002,PRD-0087,WH-002,763,59,410,2025-12-27
INV-PRD-0087-WH-003,PRD-0087,WH-003,690,64,410,2025-12-31
INV-PRD-0087-WH-004,PRD-0087,WH-004,1121,351,410,2026-01-10
INV-PRD-0087-WH-005,PRD-0087,WH-005,215,12,410,2026-01-12
INV-PRD-0087-WH-006,PRD-0087,WH-006,971,214,410,2026-01-23
INV-PRD-0087-WH-007,PRD-0087,WH-007,892,144,410,2025-12-08
INV-PRD-0087-WH-008,PRD-0087,WH-008,816,102,410,2026-01-19
INV-PRD-0088-WH-001,PRD-0088,WH-001,726,91,313,2026-01-15
INV-PRD-0088-WH-002,PRD-0088,WH-002,353,70,313,2026-01-01
INV-PRD-0088-WH-003,PRD-0088,WH-003,1297,169,313,2025-12-16
INV-PRD-0088-WH-004,PRD-0088,WH-004,45,3,313,2026-01-23
INV-PRD-0088-WH-005,PRD-0088,WH-005,618,23,313,2026-01-19
INV-PRD-0088-WH-006,PRD-0088,WH-006,1794,103,313,2026-01-27
INV-PRD-0088-WH-007,PRD-0088,WH-007,780,151,313,2025-12-17
INV-PRD-0088-WH-008,PRD-0088,WH-008,402,10,313,2026-01-24
INV-PRD-0089-WH-001,PRD-0089,WH-001,213,54,53,2026-01-17
INV-PRD-0089-WH-002,PRD-0089,WH-002,48,1,53,2025-12-01
INV-PRD-0089-WH-003,PRD-0089,WH-003,140,21,53,2025-12-23
INV-PRD-0089-WH-004,PRD-0089,WH-004,190,11,53,2025-12-24
INV-PRD-0089-WH-005,PRD-0089,WH-005,67,12,53,2025-12-26
INV-PRD-0089-WH-006,PRD-0089,WH-006,151,44,53,2026-01-24
INV-PRD-0089-WH-007,PRD-0089,WH-007,219,21,53,2025-12-08
INV-PRD-0089-WH-008,PRD-0089,WH-008,83,27,53,2025-12-11
INV-PRD-0090-WH-001,PRD-0090,WH-001,123,36,133,2026-01-13
INV-PRD-0090-WH-002,PRD-0090,WH-002,521,91,133,2026-01-09
INV-PRD-0090-WH-003,PRD-0090,WH-003,33,7,133,2026-01-28
INV-PRD-0090-WH-004,PRD-0090,WH-004,584,11,133,2025-12-05
INV-PRD-0090-WH-005,PRD-0090,WH-005,139,45,133,2026-01-25
INV-PRD-0090-WH-006,PRD-0090,WH-006,723,185,133,2026-01-06
INV-PRD-0090-WH-007,PRD-0090,WH-007,479,132,133,2026-01-03
INV-PRD-0090-WH-008,PRD-0090,WH-008,230,55,133,2026-01-12
INV-PRD-0091-WH-001,PRD-0091,WH-001,980,339,272,2026-01-13
INV-PRD-0091-WH-002,PRD-0091,WH-002,327,1,272,2026-01-11
INV-PRD-0091-WH-003,PRD-0091,WH-003,1233,253,272,2026-01-25
INV-PRD-0091-WH-004,PRD-0091,WH-004,928,123,272,2025-12-22
INV-PRD-0091-WH-005,PRD-0091,WH-005,531,57,272,2026-01-05
INV-PRD-0091-WH-006,PRD-0091,WH-006,753,40,272,2025-12-30
INV-PRD-0091-WH-007,PRD-0091,WH-007,1189,45,272,2026-01-24
INV-PRD-0091-WH-008,PRD-0091,WH-008,393,127,272,2026-01-17
INV-PRD-0092-WH-001,PRD-0092,WH-001,285,52,182,2025-12-03
INV-PRD-0092-WH-002,PRD-0092,WH-002,205,38,182,2026-01-26
INV-PRD-0092-WH-003,PRD-0092,WH-003,517,171,182,2025-12-30
INV-PRD-0092-WH-004,PRD-0092,WH-004,237,28,182,2026-01-24
INV-PRD-0092-WH-005,PRD-0092,WH-005,967,317,182,2026-01-08
INV-PRD-0092-WH-006,PRD-0092,WH-006,926,231,182,2025-12-08
INV-PRD-0092-WH-007,PRD-0092,WH-007,168,14,182,2025-12-01
INV-PRD-0092-WH-008,PRD-0092,WH-008,779,267,182,2025-12-24
INV-PRD-0093-WH-001,PRD-0093,WH-001,59,15,49,2025-12-09
INV-PRD-0093-WH-002,PRD-0093,WH-002,258,13,49,2025-12-17
INV-PRD-0093-WH-003,PRD-0093,WH-003,64,12,49,2025-12-14
INV-PRD-0093-WH-004,PRD-0093,WH-004,140,21,49,2025-12-07
INV-PRD-0093-WH-005,PRD-0093,WH-005,89,7,49,2026-01-19
INV-PRD-0093-WH-006,PRD-0093,WH-006,217,75,49,2026-01-31
INV-PRD-0093-WH-007,PRD-0093,WH-007,50,16,49,2026-01-17
INV-PRD-0093-WH-008,PRD-0093,WH-008,27,9,49,2025-12-31
INV-PRD-0094-WH-001,PRD-0094,WH-001,450,44,154,2026-01-16
INV-PRD-0094-WH-002,PRD-0094,WH-002,253,84,154,2026-01-08
INV-PRD-0094-WH-003,PRD-0094,WH-003,412,98,154,2025-12-27
INV-PRD-0094-WH-004,PRD-0094,WH-004,934,127,154,2025-12-18
INV-PRD-0094-WH-005,PRD-0094,WH-005,304,57,154,2026-01-21
INV-PRD-0094-WH-006,PRD-0094,WH-006,770,262,154,2025-12-20
INV-PRD-0094-WH-007,PRD-0094,WH-007,475,141,154,2026-01-10
INV-PRD-0094-WH-008,PRD-0094,WH-008,302,87,154,2025-12-23
INV-PRD-0095-WH-001,PRD-0095,WH-001,140,41,50,2026-01-31
INV-PRD-0095-WH-002,PRD-0095,WH-002,227,41,50,2026-01-15
INV-PRD-0095-WH-003,PRD-0095,WH-003,22,7,50,2026-01-07
INV-PRD-0095-WH-004,PRD-0095,WH-004,263,86,50,2026-01-17
INV-PRD-0095-WH-005,PRD-0095,WH-005,123,27,50,2026-01-21
INV-PRD-0095-WH-006,PRD-0095,WH-006,6,0,50,2025-12-25
INV-PRD-0095-WH-007,PRD-0095,WH-007,78,6,50,2025-12-18
INV-PRD-0095-WH-008,PRD-0095,WH-008,86,21,50,2025-12-17
INV-PRD-0096-WH-001,PRD-0096,WH-001,735,151,382,2025-12-14
INV-PRD-0096-WH-002,PRD-0096,WH-002,565,115,382,2025-12-07
INV-PRD-0096-WH-003,PRD-0096,WH-003,1300,380,382,2026-01-11
INV-PRD-0096-WH-004,PRD-0096,WH-004,905,147,382,2026-01-14
INV-PRD-0096-WH-005,PRD-0096,WH-005,1175,213,382,2026-01-31
INV-PRD-0096-WH-006,PRD-0096,WH-006,1662,565,382,2025-12-04
INV-PRD-0096-WH-007,PRD-0096,WH-007,128,12,382,2026-01-09
INV-PRD-0096-WH-008,PRD-0096,WH-008,843,188,382,2026-01-18
INV-PRD-0097-WH-001,PRD-0097,WH-001,742,100,125,2026-01-19
INV-PRD-0097-WH-002,PRD-0097,WH-002,200,57,125,2025-12-12
INV-PRD-0097-WH-003,PRD-0097,WH-003,148,11,125,2026-01-17
INV-PRD-0097-WH-004,PRD-0097,WH-004,145,27,125,2025-12-18
INV-PRD-0097-WH-005,PRD-0097,WH-005,166,37,125,2026-01-24
INV-PRD-0097-WH-006,PRD-0097,WH-006,363,39,125,2025-12-03
INV-PRD-0097-WH-007,PRD-0097,WH-007,430,13,125,2026-01-19
INV-PRD-0097-WH-008,PRD-0097,WH-008,433,125,125,2026-01-20
INV-PRD-0098-WH-001,PRD-0098,WH-001,273,90,199,2025-12-21
INV-PRD-0098-WH-002,PRD-0098,WH-002,465,17,199,2026-01-20
INV-PRD-0098-WH-003,PRD-0098,WH-003,755,206,199,2025-12-06
INV-PRD-0098-WH-004,PRD-0098,WH-004,538,84,199,2025-12-22
INV-PRD-0098-WH-005,PRD-0098,WH-005,584,158,199,2026-01-03
INV-PRD-0098-WH-006,PRD-0098,WH-006,1042,332,199,2025-12-01
INV-PRD-0098-WH-007,PRD-0098,WH-007,88,14,199,2025-12-16
INV-PRD-0098-WH-008,PRD-0098,WH-008,1139,318,199,2025-12-16
INV-PRD-0099-WH-001,PRD-0099,WH-001,900,195,243,2026-01-28
INV-PRD-0099-WH-002,PRD-0099,WH-002,341,32,243,2026-01-04
INV-PRD-0099-WH-003,PRD-0099,WH-003,476,132,243,2026-01-22
INV-PRD-0099-WH-004,PRD-0099,WH-004,1284,228,243,2026-01-01
INV-PRD-0099-WH-005,PRD-0099,WH-005,229,24,243,2025-12-21
INV-PRD-0099-WH-006,PRD-0099,WH-006,285,98,243,2026-01-04
INV-PRD-0099-WH-007,PRD-0099,WH-007,377,53,243,2026-01-12
INV-PRD-0099-WH-008,PRD-0099,WH-008,685,175,243,2025-12-28
INV-PRD-0100-WH-001,PRD-0100,WH-001,439,111,164,2026-01-11
INV-PRD-0100-WH-002,PRD-0100,WH-002,203,3,164,2025-12-30
INV-PRD-0100-WH-003,PRD-0100,WH-003,186,9,164,2025-12-04
INV-PRD-0100-WH-004,PRD-0100,WH-004,449,18,164,2026-01-06
INV-PRD-0100-WH-005,PRD-0100,WH-005,372,99,164,2025-12-29
INV-PRD-0100-WH-006,PRD-0100,WH-006,487,4,164,2025-12-25
INV-PRD-0100-WH-007,PRD-0100,WH-007,170,41,164,2026-01-16
INV-PRD-0100-WH-008,PRD-0100,WH-008,763,23,164,2026-01-14
INV-PRD-0101-WH-001,PRD-0101,WH-001,358,13,101,2025-12-19
INV-PRD-0101-WH-002,PRD-0101,WH-002,145,18,101,2026-01-18
INV-PRD-0101-WH-003,PRD-0101,WH-003,303,105,101,2026-01-12
INV-PRD-0101-WH-004,PRD-0101,WH-004,20,3,101,2025-12-09
INV-PRD-0101-WH-005,PRD-0101,WH-005,252,81,101,2025-12-10
INV-PRD-0101-WH-006,PRD-0101,WH-006,483,2,101,2026-01-05
INV-PRD-0101-WH-007,PRD-0101,WH-007,132,2,101,2025-12-01
INV-PRD-0101-WH-008,PRD-0101,WH-008,376,21,101,2025-12-20
INV-PRD-0102-WH-001,PRD-0102,WH-001,1786,216,378,2025-12-27
INV-PRD-0102-WH-002,PRD-0102,WH-002,669,41,378,2025-12-12
INV-PRD-0102-WH-003,PRD-0102,WH-003,775,58,378,2025-12-12
INV-PRD-0102-WH-004,PRD-0102,WH-004,2123,55,378,2026-01-24
INV-PRD-0102-WH-005,PRD-0102,WH-005,1322,330,378,2026-01-05
INV-PRD-0102-WH-006,PRD-0102,WH-006,343,8,378,2025-12-17
INV-PRD-0102-WH-007,PRD-0102,WH-007,371,124,378,2026-01-30
INV-PRD-0102-WH-008,PRD-0102,WH-008,1065,335,378,2025-12-16
INV-PRD-0103-WH-001,PRD-0103,WH-001,35,3,290,2025-12-21
INV-PRD-0103-WH-002,PRD-0103,WH-002,921,156,290,2026-01-14
INV-PRD-0103-WH-003,PRD-0103,WH-003,1450,186,290,2026-01-21
INV-PRD-0103-WH-004,PRD-0103,WH-004,635,1,290,2025-12-21
INV-PRD-0103-WH-005,PRD-0103,WH-005,736,141,290,2026-01-23
INV-PRD-0103-WH-006,PRD-0103,WH-006,1791,339,290,2026-01-26
INV-PRD-0103-WH-007,PRD-0103,WH-007,1024,156,290,2026-01-01
INV-PRD-0103-WH-008,PRD-0103,WH-008,373,71,290,2026-01-24
INV-PRD-0104-WH-001,PRD-0104,WH-001,331,33,130,2026-01-16
INV-PRD-0104-WH-002,PRD-0104,WH-002,149,1,130,2026-01-24
INV-PRD-0104-WH-003,PRD-0104,WH-003,233,75,130,2025-12-14
INV-PRD-0104-WH-004,PRD-0104,WH-004,396,138,130,2025-12-31
INV-PRD-0104-WH-005,PRD-0104,WH-005,317,50,130,2025-12-15
INV-PRD-0104-WH-006,PRD-0104,WH-006,427,34,130,2025-12-30
INV-PRD-0104-WH-007,PRD-0104,WH-007,231,46,130,2026-01-02
INV-PRD-0104-WH-008,PRD-0104,WH-008,61,19,130,2026-01-13
INV-PRD-0105-WH-001,PRD-0105,WH-001,1010,228,436,2025-12-11
INV-PRD-0105-WH-002,PRD-0105,WH-002,1034,247,436,2026-01-30
INV-PRD-0105-WH-003,PRD-0105,WH-003,1215,249,436,2025-12-15
INV-PRD-0105-WH-004,PRD-0105,WH-004,189,29,436,2025-12-03
INV-PRD-0105-WH-005,PRD-0105,WH-005,1915,397,436,2025-12-31
INV-PRD-0105-WH-006,PRD-0105,WH-006,456,82,436,2025-12-07
INV-PRD-0105-WH-007,PRD-0105,WH-007,1556,269,436,2026-01-07
INV-PRD-0105-WH-008,PRD-0105,WH-008,821,193,436,2025-12-24
INV-PRD-0106-WH-001,PRD-0106,WH-001,150,16,84,2025-12-25
INV-PRD-0106-WH-002,PRD-0106,WH-002,216,51,84,2025-12-23
INV-PRD-0106-WH-003,PRD-0106,WH-003,208,61,84,2026-01-26
INV-PRD-0106-WH-004,PRD-0106,WH-004,155,28,84,2025-12-11
INV-PRD-0106-WH-005,PRD-0106,WH-005,413,71,84,2025-12-14
INV-PRD-0106-WH-006,PRD-0106,WH-006,176,38,84,2026-01-15
INV-PRD-0106-WH-007,PRD-0106,WH-007,201,53,84,2026-01-21
INV-PRD-0106-WH-008,PRD-0106,WH-008,145,43,84,2025-12-31
INV-PRD-0107-WH-001,PRD-0107,WH-001,661,165,331,2026-01-23
INV-PRD-0107-WH-002,PRD-0107,WH-002,375,32,331,2026-01-06
INV-PRD-0107-WH-003,PRD-0107,WH-003,975,262,331,2025-12-03
INV-PRD-0107-WH-004,PRD-0107,WH-004,388,42,331,2025-12-17
INV-PRD-0107-WH-005,PRD-0107,WH-005,1161,306,331,2026-01-06
INV-PRD-0107-WH-006,PRD-0107,WH-006,1821,290,331,2026-01-30
INV-PRD-0107-WH-007,PRD-0107,WH-007,229,77,331,2025-12-31
INV-PRD-0107-WH-008,PRD-0107,WH-008,555,105,331,2026-01-08
INV-PRD-0108-WH-001,PRD-0108,WH-001,578,159,206,2026-01-12
INV-PRD-0108-WH-002,PRD-0108,WH-002,576,175,206,2025-12-22
INV-PRD-0108-WH-003,PRD-0108,WH-003,346,29,206,2025-12-25
INV-PRD-0108-WH-004,PRD-0108,WH-004,210,25,206,2026-01-03
INV-PRD-0108-WH-005,PRD-0108,WH-005,1065,76,206,2026-01-08
INV-PRD-0108-WH-006,PRD-0108,WH-006,121,39,206,2026-01-08
INV-PRD-0108-WH-007,PRD-0108,WH-007,200,68,206,2026-01-02
INV-PRD-0108-WH-008,PRD-0108,WH-008,329,84,206,2025-12-09
INV-PRD-0109-WH-001,PRD-0109,WH-001,1030,0,183,2026-01-27
INV-PRD-0109-WH-002,PRD-0109,WH-002,1066,267,183,2025-12-27
INV-PRD-0109-WH-003,PRD-0109,WH-003,361,67,183,2025-12-28
INV-PRD-0109-WH-004,PRD-0109,WH-004,573,89,183,2026-01-07
INV-PRD-0109-WH-005,PRD-0109,WH-005,383,108,183,2025-12-09
INV-PRD-0109-WH-006,PRD-0109,WH-006,225,36,183,2026-01-08
INV-PRD-0109-WH-007,PRD-0109,WH-007,446,48,183,2025-12-01
INV-PRD-0109-WH-008,PRD-0109,WH-008,330,66,183,2025-12-08
INV-PRD-0110-WH-001,PRD-0110,WH-001,347,88,137,2026-01-21
INV-PRD-0110-WH-002,PRD-0110,WH-002,191,19,137,2025-12-28
INV-PRD-0110-WH-003,PRD-0110,WH-003,270,68,137,2025-12-28
INV-PRD-0110-WH-004,PRD-0110,WH-004,419,101,137,2026-01-18
INV-PRD-0110-WH-005,PRD-0110,WH-005,707,123,137,2025-12-12
INV-PRD-0110-WH-006,PRD-0110,WH-006,632,64,137,2025-12-20
INV-PRD-0110-WH-007,PRD-0110,WH-007,544,188,137,2025-12-09
INV-PRD-0110-WH-008,PRD-0110,WH-008,258,29,137,2025-12-29
INV-PRD-0111-WH-001,PRD-0111,WH-001,495,54,393,2026-01-02
INV-PRD-0111-WH-002,PRD-0111,WH-002,1520,53,393,2025-12-11
INV-PRD-0111-WH-003,PRD-0111,WH-003,414,23,393,2026-01-22
INV-PRD-0111-WH-004,PRD-0111,WH-004,1284,45,393,2025-12-05
INV-PRD-0111-WH-005,PRD-0111,WH-005,556,155,393,2025-12-03
INV-PRD-0111-WH-006,PRD-0111,WH-006,1650,533,393,2025-12-19
INV-PRD-0111-WH-007,PRD-0111,WH-007,510,44,393,2026-01-10
INV-PRD-0111-WH-008,PRD-0111,WH-008,496,168,393,2026-01-29
INV-PRD-0112-WH-001,PRD-0112,WH-001,186,4,87,2026-01-20
INV-PRD-0112-WH-002,PRD-0112,WH-002,444,59,87,2026-01-09
INV-PRD-0112-WH-003,PRD-0112,WH-003,133,15,87,2026-01-11
INV-PRD-0112-WH-004,PRD-0112,WH-004,20,1,87,2025-12-18
INV-PRD-0112-WH-005,PRD-0112,WH-005,289,51,87,2026-01-07
INV-PRD-0112-WH-006,PRD-0112,WH-006,95,5,87,2026-01-05
INV-PRD-0112-WH-007,PRD-0112,WH-007,385,89,87,2025-12-23
INV-PRD-0112-WH-008,PRD-0112,WH-008,202,24,87,2025-12-30
INV-PRD-0113-WH-001,PRD-0113,WH-001,200,33,196,2025-12-12
INV-PRD-0113-WH-002,PRD-0113,WH-002,339,9,196,2026-01-02
INV-PRD-0113-WH-003,PRD-0113,WH-003,327,32,196,2026-01-26
INV-PRD-0113-WH-004,PRD-0113,WH-004,452,113,196,2026-01-31
INV-PRD-0113-WH-005,PRD-0113,WH-005,445,86,196,2026-01-31
INV-PRD-0113-WH-006,PRD-0113,WH-006,1139,300,196,2026-01-25
INV-PRD-0113-WH-007,PRD-0113,WH-007,29,4,196,2025-12-05
INV-PRD-0113-WH-008,PRD-0113,WH-008,542,179,196,2025-12-15
INV-PRD-0114-WH-001,PRD-0114,WH-001,577,132,216,2026-01-04
INV-PRD-0114-WH-002,PRD-0114,WH-002,213,33,216,2025-12-16
INV-PRD-0114-WH-003,PRD-0114,WH-003,905,175,216,2025-12-05
INV-PRD-0114-WH-004,PRD-0114,WH-004,459,80,216,2025-12-23
INV-PRD-0114-WH-005,PRD-0114,WH-005,767,93,216,2026-01-30
INV-PRD-0114-WH-006,PRD-0114,WH-006,471,51,216,2025-12-16
INV-PRD-0114-WH-007,PRD-0114,WH-007,427,58,216,2025-12-13
INV-PRD-0114-WH-008,PRD-0114,WH-008,945,79,216,2026-01-19
INV-PRD-0115-WH-001,PRD-0115,WH-001,20,7,178,2026-01-09
INV-PRD-0115-WH-002,PRD-0115,WH-002,138,2,178,2026-01-24
INV-PRD-0115-WH-003,PRD-0115,WH-003,500,126,178,2026-01-27
INV-PRD-0115-WH-004,PRD-0115,WH-004,1067,140,178,2026-01-01
INV-PRD-0115-WH-005,PRD-0115,WH-005,464,101,178,2025-12-15
INV-PRD-0115-WH-006,PRD-0115,WH-006,205,67,178,2026-01-21
INV-PRD-0115-WH-007,PRD-0115,WH-007,211,64,178,2025-12-23
INV-PRD-0115-WH-008,PRD-0115,WH-008,535,117,178,2025-12-08
INV-PRD-0116-WH-001,PRD-0116,WH-001,262,88,101,2025-12-01
INV-PRD-0116-WH-002,PRD-0116,WH-002,26,6,101,2026-01-07
INV-PRD-0116-WH-003,PRD-0116,WH-003,46,8,101,2025-12-12
INV-PRD-0116-WH-004,PRD-0116,WH-004,169,30,101,2026-01-31
INV-PRD-0116-WH-005,PRD-0116,WH-005,195,63,101,2025-12-28
INV-PRD-0116-WH-006,PRD-0116,WH-006,482,93,101,2026-01-24
INV-PRD-0116-WH-007,PRD-0116,WH-007,193,16,101,2026-01-06
INV-PRD-0116-WH-008,PRD-0116,WH-008,193,34,101,2026-01-21
INV-PRD-0117-WH-001,PRD-0117,WH-001,1067,100,287,2025-12-10
INV-PRD-0117-WH-002,PRD-0117,WH-002,593,121,287,2026-01-21
INV-PRD-0117-WH-003,PRD-0117,WH-003,215,63,287,2025-12-09
INV-PRD-0117-WH-004,PRD-0117,WH-004,1345,273,287,2026-01-16
INV-PRD-0117-WH-005,PRD-0117,WH-005,901,128,287,2026-01-05
INV-PRD-0117-WH-006,PRD-0117,WH-006,490,25,287,2026-01-14
INV-PRD-0117-WH-007,PRD-0117,WH-007,547,121,287,2026-01-23
INV-PRD-0117-WH-008,PRD-0117,WH-008,972,133,287,2025-12-24
INV-PRD-0118-WH-001,PRD-0118,WH-001,1145,131,191,2025-12-23
INV-PRD-0118-WH-002,PRD-0118,WH-002,31,5,191,2026-01-25
INV-PRD-0118-WH-003,PRD-0118,WH-003,394,137,191,2025-12-12
INV-PRD-0118-WH-004,PRD-0118,WH-004,554,83,191,2026-01-13
INV-PRD-0118-WH-005,PRD-0118,WH-005,1106,40,191,2025-12-25
INV-PRD-0118-WH-006,PRD-0118,WH-006,837,74,191,2026-01-25
INV-PRD-0118-WH-007,PRD-0118,WH-007,622,161,191,2026-01-09
INV-PRD-0118-WH-008,PRD-0118,WH-008,211,20,191,2025-12-22
INV-PRD-0119-WH-001,PRD-0119,WH-001,253,34,104,2026-01-08
INV-PRD-0119-WH-002,PRD-0119,WH-002,331,99,104,2026-01-25
INV-PRD-0119-WH-003,PRD-0119,WH-003,705,133,104,2026-01-31
INV-PRD-0119-WH-004,PRD-0119,WH-004,151,1,104,2025-12-09
INV-PRD-0119-WH-005,PRD-0119,WH-005,361,120,104,2026-01-17
INV-PRD-0119-WH-006,PRD-0119,WH-006,130,10,104,2025-12-26
INV-PRD-0119-WH-007,PRD-0119,WH-007,8,1,104,2026-01-05
INV-PRD-0119-WH-008,PRD-0119,WH-008,98,25,104,2026-01-03
INV-PRD-0120-WH-001,PRD-0120,WH-001,215,33,189,2026-01-09
INV-PRD-0120-WH-002,PRD-0120,WH-002,987,158,189,2025-12-15
INV-PRD-0120-WH-003,PRD-0120,WH-003,642,160,189,2025-12-09
INV-PRD-0120-WH-004,PRD-0120,WH-004,203,4,189,2026-01-12
INV-PRD-0120-WH-005,PRD-0120,WH-005,676,119,189,2026-01-25
INV-PRD-0120-WH-006,PRD-0120,WH-006,750,227,189,2025-12-09
INV-PRD-0120-WH-007,PRD-0120,WH-007,1293,90,189,2026-01-07
INV-PRD-0120-WH-008,PRD-0120,WH-008,1079,268,189,2026-01-10
INV-PRD-0121-WH-001,PRD-0121,WH-001,1263,177,333,2025-12-31
INV-PRD-0121-WH-002,PRD-0121,WH-002,559,78,333,2025-12-24
INV-PRD-0121-WH-003,PRD-0121,WH-003,643,2,333,2025-12-01
INV-PRD-0121-WH-004,PRD-0121,WH-004,685,73,333,2025-12-31
INV-PRD-0121-WH-005,PRD-0121,WH-005,2221,503,333,2026-01-30
INV-PRD-0121-WH-006,PRD-0121,WH-006,342,98,333,2025-12-28
INV-PRD-0121-WH-007,PRD-0121,WH-007,806,3,333,2026-01-05
INV-PRD-0121-WH-008,PRD-0121,WH-008,1481,447,333,2025-12-26
INV-PRD-0122-WH-001,PRD-0122,WH-001,888,199,134,2026-01-23
INV-PRD-0122-WH-002,PRD-0122,WH-002,174,27,134,2026-01-10
INV-PRD-0122-WH-003,PRD-0122,WH-003,412,72,134,2026-01-11
INV-PRD-0122-WH-004,PRD-0122,WH-004,345,24,134,2026-01-24
INV-PRD-0122-WH-005,PRD-0122,WH-005,34,4,134,2025-12-08
INV-PRD-0122-WH-006,PRD-0122,WH-006,597,69,134,2026-01-14
INV-PRD-0122-WH-007,PRD-0122,WH-007,298,2,134,2025-12-10
INV-PRD-0122-WH-008,PRD-0122,WH-008,5,0,134,2025-12-07
INV-PRD-0123-WH-001,PRD-0123,WH-001,281,56,98,2026-01-16
INV-PRD-0123-WH-002,PRD-0123,WH-002,11,1,98,2025-12-01
INV-PRD-0123-WH-003,PRD-0123,WH-003,313,39,98,2026-01-20
INV-PRD-0123-WH-004,PRD-0123,WH-004,335,89,98,2026-01-20
INV-PRD-0123-WH-005,PRD-0123,WH-005,10,1,98,2025-12-04
INV-PRD-0123-WH-006,PRD-0123,WH-006,134,34,98,2025-12-31
INV-PRD-0123-WH-007,PRD-0123,WH-007,293,1,98,2025-12-08
INV-PRD-0123-WH-008,PRD-0123,WH-008,352,49,98,2026-01-19
INV-PRD-0124-WH-001,PRD-0124,WH-001,396,50,362,2025-12-30
INV-PRD-0124-WH-002,PRD-0124,WH-002,628,170,362,2025-12-14
INV-PRD-0124-WH-003,PRD-0124,WH-003,1640,330,362,2025-12-11
INV-PRD-0124-WH-004,PRD-0124,WH-004,643,133,362,2025-12-08
INV-PRD-0124-WH-005,PRD-0124,WH-005,1585,203,362,2025-12-24
INV-PRD-0124-WH-006,PRD-0124,WH-006,1254,57,362,2025-12-16
INV-PRD-0124-WH-007,PRD-0124,WH-007,392,42,362,2026-01-20
INV-PRD-0124-WH-008,PRD-0124,WH-008,564,62,362,2025-12-01
INV-PRD-0125-WH-001,PRD-0125,WH-001,997,243,195,2026-01-14
INV-PRD-0125-WH-002,PRD-0125,WH-002,286,31,195,2025-12-11
INV-PRD-0125-WH-003,PRD-0125,WH-003,888,30,195,2025-12-04
INV-PRD-0125-WH-004,PRD-0125,WH-004,554,137,195,2026-01-20
INV-PRD-0125-WH-005,PRD-0125,WH-005,124,14,195,2025-12-21
INV-PRD-0125-WH-006,PRD-0125,WH-006,906,224,195,2026-01-16
INV-PRD-0125-WH-007,PRD-0125,WH-007,968,183,195,2026-01-16
INV-PRD-0125-WH-008,PRD-0125,WH-008,319,90,195,2025-12-29
INV-PRD-0126-WH-001,PRD-0126,WH-001,1777,501,350,2025-12-13
INV-PRD-0126-WH-002,PRD-0126,WH-002,1062,165,350,2026-01-16
INV-PRD-0126-WH-003,PRD-0126,WH-003,1485,164,350,2025-12-05
INV-PRD-0126-WH-004,PRD-0126,WH-004,955,134,350,2026-01-04
INV-PRD-0126-WH-005,PRD-0126,WH-005,676,129,350,2025-12-25
INV-PRD-0126-WH-006,PRD-0126,WH-006,667,219,350,2025-12-24
INV-PRD-0126-WH-007,PRD-0126,WH-007,678,184,350,2025-12-05
INV-PRD-0126-WH-008,PRD-0126,WH-008,2027,396,350,2025-12-13
INV-PRD-0127-WH-001,PRD-0127,WH-001,585,156,270,2025-12-19
INV-PRD-0127-WH-002,PRD-0127,WH-002,929,56,270,2025-12-07
INV-PRD-0127-WH-003,PRD-0127,WH-003,292,16,270,2025-12-12
INV-PRD-0127-WH-004,PRD-0127,WH-004,379,124,270,2025-12-13
INV-PRD-0127-WH-005,PRD-0127,WH-005,198,62,270,2026-01-03
INV-PRD-0127-WH-006,PRD-0127,WH-006,794,25,270,2025-12-24
INV-PRD-0127-WH-007,PRD-0127,WH-007,415,3,270,2026-01-29
INV-PRD-0127-WH-008,PRD-0127,WH-008,1276,426,270,2025-12-06
INV-PRD-0128-WH-001,PRD-0128,WH-001,101,23,70,2026-01-05
INV-PRD-0128-WH-002,PRD-0128,WH-002,258,90,70,2025-12-04
INV-PRD-0128-WH-003,PRD-0128,WH-003,205,5,70,2026-01-16
INV-PRD-0128-WH-004,PRD-0128,WH-004,38,1,70,2026-01-30
INV-PRD-0128-WH-005,PRD-0128,WH-005,119,6,70,2026-01-16
INV-PRD-0128-WH-006,PRD-0128,WH-006,167,12,70,2026-01-03
INV-PRD-0128-WH-007,PRD-0128,WH-007,390,45,70,2026-01-05
INV-PRD-0128-WH-008,PRD-0128,WH-008,124,40,70,2026-01-06
INV-PRD-0129-WH-001,PRD-0129,WH-001,1798,437,360,2026-01-26
INV-PRD-0129-WH-002,PRD-0129,WH-002,92,25,360,2026-01-02
INV-PRD-0129-WH-003,PRD-0129,WH-003,906,307,360,2025-12-29
INV-PRD-0129-WH-004,PRD-0129,WH-004,1024,190,360,2025-12-27
INV-PRD-0129-WH-005,PRD-0129,WH-005,1022,311,360,2025-12-16
INV-PRD-0129-WH-006,PRD-0129,WH-006,744,130,360,2025-12-24
INV-PRD-0129-WH-007,PRD-0129,WH-007,1173,0,360,2026-01-16
INV-PRD-0129-WH-008,PRD-0129,WH-008,145,38,360,2025-12-02
INV-PRD-0130-WH-001,PRD-0130,WH-001,79,9,78,2025-12-15
INV-PRD-0130-WH-002,PRD-0130,WH-002,83,24,78,2026-01-22
INV-PRD-0130-WH-003,PRD-0130,WH-003,219,65,78,2026-01-05
INV-PRD-0130-WH-004,PRD-0130,WH-004,157,6,78,2025-12-03
INV-PRD-0130-WH-005,PRD-0130,WH-005,113,16,78,2025-12-24
INV-PRD-0130-WH-006,PRD-0130,WH-006,137,16,78,2026-01-21
INV-PRD-0130-WH-007,PRD-0130,WH-007,282,72,78,2026-01-28
INV-PRD-0130-WH-008,PRD-0130,WH-008,119,30,78,2025-12-12
INV-PRD-0131-WH-001,PRD-0131,WH-001,734,153,344,2025-12-03
INV-PRD-0131-WH-002,PRD-0131,WH-002,1125,40,344,2026-01-19
INV-PRD-0131-WH-003,PRD-0131,WH-003,171,22,344,2026-01-26
INV-PRD-0131-WH-004,PRD-0131,WH-004,590,197,344,2025-12-15
INV-PRD-0131-WH-005,PRD-0131,WH-005,367,97,344,2025-12-04
INV-PRD-0131-WH-006,PRD-0131,WH-006,507,138,344,2026-01-06
INV-PRD-0131-WH-007,PRD-0131,WH-007,1773,226,344,2025-12-10
INV-PRD-0131-WH-008,PRD-0131,WH-008,201,57,344,2026-01-18
INV-PRD-0132-WH-001,PRD-0132,WH-001,585,56,401,2025-12-28
INV-PRD-0132-WH-002,PRD-0132,WH-002,704,33,401,2025-12-22
INV-PRD-0132-WH-003,PRD-0132,WH-003,292,95,401,2025-12-04
INV-PRD-0132-WH-004,PRD-0132,WH-004,575,102,401,2026-01-02
INV-PRD-0132-WH-005,PRD-0132,WH-005,935,69,401,2025-12-31
INV-PRD-0132-WH-006,PRD-0132,WH-006,1210,333,401,2026-01-06
INV-PRD-0132-WH-007,PRD-0132,WH-007,1907,536,401,2025-12-16
INV-PRD-0132-WH-008,PRD-0132,WH-008,1281,165,401,2026-01-13
INV-PRD-0133-WH-001,PRD-0133,WH-001,203,52,175,2025-12-28
INV-PRD-0133-WH-002,PRD-0133,WH-002,339,44,175,2026-01-08
INV-PRD-0133-WH-003,PRD-0133,WH-003,348,44,175,2026-01-09
INV-PRD-0133-WH-004,PRD-0133,WH-004,813,74,175,2025-12-29
INV-PRD-0133-WH-005,PRD-0133,WH-005,59,6,175,2026-01-13
INV-PRD-0133-WH-006,PRD-0133,WH-006,350,14,175,2026-01-17
INV-PRD-0133-WH-007,PRD-0133,WH-007,158,9,175,2026-01-25
INV-PRD-0133-WH-008,PRD-0133,WH-008,189,43,175,2026-01-14
INV-PRD-0134-WH-001,PRD-0134,WH-001,385,120,155,2025-12-02
INV-PRD-0134-WH-002,PRD-0134,WH-002,705,54,155,2025-12-14
INV-PRD-0134-WH-003,PRD-0134,WH-003,435,123,155,2026-01-09
INV-PRD-0134-WH-004,PRD-0134,WH-004,164,24,155,2026-01-07
INV-PRD-0134-WH-005,PRD-0134,WH-005,199,32,155,2025-12-11
INV-PRD-0134-WH-006,PRD-0134,WH-006,51,8,155,2025-12-04
INV-PRD-0134-WH-007,PRD-0134,WH-007,172,24,155,2026-01-12
INV-PRD-0134-WH-008,PRD-0134,WH-008,523,27,155,2025-12-02
INV-PRD-0135-WH-001,PRD-0135,WH-001,2028,236,445,2025-12-25
INV-PRD-0135-WH-002,PRD-0135,WH-002,852,161,445,2026-01-01
INV-PRD-0135-WH-003,PRD-0135,WH-003,805,95,445,2025-12-13
INV-PRD-0135-WH-004,PRD-0135,WH-004,1593,22,445,2025-12-03
INV-PRD-0135-WH-005,PRD-0135,WH-005,1693,341,445,2026-01-01
INV-PRD-0135-WH-006,PRD-0135,WH-006,463,88,445,2026-01-13
INV-PRD-0135-WH-007,PRD-0135,WH-007,1683,241,445,2026-01-02
INV-PRD-0135-WH-008,PRD-0135,WH-008,765,131,445,2026-01-26
INV-PRD-0136-WH-001,PRD-0136,WH-001,676,71,392,2025-12-15
INV-PRD-0136-WH-002,PRD-0136,WH-002,1737,140,392,2025-12-06
INV-PRD-0136-WH-003,PRD-0136,WH-003,1780,232,392,2025-12-27
INV-PRD-0136-WH-004,PRD-0136,WH-004,828,159,392,2026-01-28
INV-PRD-0136-WH-005,PRD-0136,WH-005,1502,134,392,2025-12-14
INV-PRD-0136-WH-006,PRD-0136,WH-006,1500,207,392,2026-01-25
INV-PRD-0136-WH-007,PRD-0136,WH-007,2537,138,392,2025-12-28
INV-PRD-0136-WH-008,PRD-0136,WH-008,1063,289,392,2026-01-28
INV-PRD-0137-WH-001,PRD-0137,WH-001,601,136,316,2026-01-30
INV-PRD-0137-WH-002,PRD-0137,WH-002,641,214,316,2026-01-26
INV-PRD-0137-WH-003,PRD-0137,WH-003,479,105,316,2026-01-31
INV-PRD-0137-WH-004,PRD-0137,WH-004,876,77,316,2026-01-19
INV-PRD-0137-WH-005,PRD-0137,WH-005,505,6,316,2026-01-18
INV-PRD-0137-WH-006,PRD-0137,WH-006,862,290,316,2026-01-09
INV-PRD-0137-WH-007,PRD-0137,WH-007,552,175,316,2025-12-02
INV-PRD-0137-WH-008,PRD-0137,WH-008,1913,488,316,2025-12-09
INV-PRD-0138-WH-001,PRD-0138,WH-001,1221,364,261,2026-01-11
INV-PRD-0138-WH-002,PRD-0138,WH-002,1267,242,261,2025-12-09
INV-PRD-0138-WH-003,PRD-0138,WH-003,294,52,261,2026-01-18
INV-PRD-0138-WH-004,PRD-0138,WH-004,683,56,261,2026-01-17
INV-PRD-0138-WH-005,PRD-0138,WH-005,470,16,261,2025-12-12
INV-PRD-0138-WH-006,PRD-0138,WH-006,1264,352,261,2025-12-21
INV-PRD-0138-WH-007,PRD-0138,WH-007,698,103,261,2026-01-19
INV-PRD-0138-WH-008,PRD-0138,WH-008,194,40,261,2025-12-26
INV-PRD-0139-WH-001,PRD-0139,WH-001,2581,537,385,2026-01-11
INV-PRD-0139-WH-002,PRD-0139,WH-002,651,27,385,2025-12-29
INV-PRD-0139-WH-003,PRD-0139,WH-003,510,132,385,2026-01-04
INV-PRD-0139-WH-004,PRD-0139,WH-004,545,142,385,2025-12-25
INV-PRD-0139-WH-005,PRD-0139,WH-005,586,48,385,2025-12-19
INV-PRD-0139-WH-006,PRD-0139,WH-006,970,236,385,2025-12-11
INV-PRD-0139-WH-007,PRD-0139,WH-007,2267,55,385,2026-01-14
INV-PRD-0139-WH-008,PRD-0139,WH-008,859,231,385,2025-12-06
INV-PRD-0140-WH-001,PRD-0140,WH-001,223,74,177,2026-01-30
INV-PRD-0140-WH-002,PRD-0140,WH-002,315,50,177,2025-12-27
INV-PRD-0140-WH-003,PRD-0140,WH-003,222,58,177,2026-01-07
INV-PRD-0140-WH-004,PRD-0140,WH-004,409,23,177,2025-12-17
INV-PRD-0140-WH-005,PRD-0140,WH-005,512,31,177,2025-12-06
INV-PRD-0140-WH-006,PRD-0140,WH-006,115,40,177,2025-12-24
INV-PRD-0140-WH-007,PRD-0140,WH-007,98,32,177,2026-01-09
INV-PRD-0140-WH-008,PRD-0140,WH-008,740,194,177,2025-12-03
INV-PRD-0141-WH-001,PRD-0141,WH-001,335,20,182,2026-01-25
INV-PRD-0141-WH-002,PRD-0141,WH-002,287,53,182,2025-12-20
INV-PRD-0141-WH-003,PRD-0141,WH-003,477,160,182,2025-12-12
INV-PRD-0141-WH-004,PRD-0141,WH-004,33,3,182,2025-12-01
INV-PRD-0141-WH-005,PRD-0141,WH-005,194,58,182,2026-01-01
INV-PRD-0141-WH-006,PRD-0141,WH-006,1008,2,182,2026-01-08
INV-PRD-0141-WH-007,PRD-0141,WH-007,293,75,182,2026-01-12
INV-PRD-0141-WH-008,PRD-0141,WH-008,634,20,182,2026-01-08
INV-PRD-0142-WH-001,PRD-0142,WH-001,226,35,86,2026-01-09
INV-PRD-0142-WH-002,PRD-0142,WH-002,98,11,86,2025-12-10
INV-PRD-0142-WH-003,PRD-0142,WH-003,44,1,86,2025-12-10
INV-PRD-0142-WH-004,PRD-0142,WH-004,391,84,86,2026-01-28
INV-PRD-0142-WH-005,PRD-0142,WH-005,13,3,86,2025-12-12
INV-PRD-0142-WH-006,PRD-0142,WH-006,176,61,86,2025-12-30
INV-PRD-0142-WH-007,PRD-0142,WH-007,104,5,86,2026-01-19
INV-PRD-0142-WH-008,PRD-0142,WH-008,280,8,86,2026-01-18
INV-PRD-0143-WH-001,PRD-0143,WH-001,515,74,383,2025-12-31
INV-PRD-0143-WH-002,PRD-0143,WH-002,1507,337,383,2026-01-03
INV-PRD-0143-WH-003,PRD-0143,WH-003,1095,107,383,2026-01-09
INV-PRD-0143-WH-004,PRD-0143,WH-004,292,93,383,2026-01-10
INV-PRD-0143-WH-005,PRD-0143,WH-005,630,185,383,2026-01-14
INV-PRD-0143-WH-006,PRD-0143,WH-006,1559,437,383,2026-01-08
INV-PRD-0143-WH-007,PRD-0143,WH-007,1459,294,383,2026-01-09
INV-PRD-0143-WH-008,PRD-0143,WH-008,1012,288,383,2026-01-01
INV-PRD-0144-WH-001,PRD-0144,WH-001,1312,252,293,2026-01-21
INV-PRD-0144-WH-002,PRD-0144,WH-002,769,148,293,2025-12-13
INV-PRD-0144-WH-003,PRD-0144,WH-003,12,3,293,2026-01-10
INV-PRD-0144-WH-004,PRD-0144,WH-004,2029,212,293,2026-01-21
INV-PRD-0144-WH-005,PRD-0144,WH-005,1140,23,293,2025-12-22
INV-PRD-0144-WH-006,PRD-0144,WH-006,727,2,293,2026-01-10
INV-PRD-0144-WH-007,PRD-0144,WH-007,553,17,293,2025-12-20
INV-PRD-0144-WH-008,PRD-0144,WH-008,956,3,293,2025-12-08
INV-PRD-0145-WH-001,PRD-0145,WH-001,159,46,58,2026-01-06
INV-PRD-0145-WH-002,PRD-0145,WH-002,111,11,58,2025-12-13
INV-PRD-0145-WH-003,PRD-0145,WH-003,230,61,58,2026-01-28
INV-PRD-0145-WH-004,PRD-0145,WH-004,99,8,58,2025-12-31
INV-PRD-0145-WH-005,PRD-0145,WH-005,286,68,58,2026-01-27
INV-PRD-0145-WH-006,PRD-0145,WH-006,248,7,58,2026-01-23
INV-PRD-0145-WH-007,PRD-0145,WH-007,219,71,58,2026-01-04
INV-PRD-0145-WH-008,PRD-0145,WH-008,36,10,58,2025-12-22
INV-PRD-0146-WH-001,PRD-0146,WH-001,132,9,99,2025-12-18
INV-PRD-0146-WH-002,PRD-0146,WH-002,291,80,99,2026-01-04
INV-PRD-0146-WH-003,PRD-0146,WH-003,409,99,99,2025-12-12
INV-PRD-0146-WH-004,PRD-0146,WH-004,260,90,99,2025-12-03
INV-PRD-0146-WH-005,PRD-0146,WH-005,162,56,99,2025-12-16
INV-PRD-0146-WH-006,PRD-0146,WH-006,209,67,99,2025-12-20
INV-PRD-0146-WH-007,PRD-0146,WH-007,118,12,99,2026-01-28
INV-PRD-0146-WH-008,PRD-0146,WH-008,64,0,99,2026-01-21
INV-PRD-0147-WH-001,PRD-0147,WH-001,591,48,276,2025-12-22
INV-PRD-0147-WH-002,PRD-0147,WH-002,1348,158,276,2026-01-19
INV-PRD-0147-WH-003,PRD-0147,WH-003,540,173,276,2025-12-09
INV-PRD-0147-WH-004,PRD-0147,WH-004,511,99,276,2026-01-15
INV-PRD-0147-WH-005,PRD-0147,WH-005,278,39,276,2026-01-29
INV-PRD-0147-WH-006,PRD-0147,WH-006,44,10,276,2025-12-30
INV-PRD-0147-WH-007,PRD-0147,WH-007,542,168,276,2026-01-17
INV-PRD-0147-WH-008,PRD-0147,WH-008,915,107,276,2025-12-21
INV-PRD-0148-WH-001,PRD-0148,WH-001,924,272,358,2025-12-21
INV-PRD-0148-WH-002,PRD-0148,WH-002,839,139,358,2025-12-10
INV-PRD-0148-WH-003,PRD-0148,WH-003,365,26,358,2025-12-14
INV-PRD-0148-WH-004,PRD-0148,WH-004,1010,138,358,2025-12-10
INV-PRD-0148-WH-005,PRD-0148,WH-005,859,87,358,2025-12-05
INV-PRD-0148-WH-006,PRD-0148,WH-006,1266,25,358,2025-12-09
INV-PRD-0148-WH-007,PRD-0148,WH-007,345,6,358,2025-12-07
INV-PRD-0148-WH-008,PRD-0148,WH-008,576,100,358,2025-12-12
INV-PRD-0149-WH-001,PRD-0149,WH-001,820,228,176,2026-01-09
INV-PRD-0149-WH-002,PRD-0149,WH-002,378,20,176,2026-01-29
INV-PRD-0149-WH-003,PRD-0149,WH-003,757,67,176,2025-12-06
INV-PRD-0149-WH-004,PRD-0149,WH-004,1135,49,176,2025-12-30
INV-PRD-0149-WH-005,PRD-0149,WH-005,1129,240,176,2025-12-15
INV-PRD-0149-WH-006,PRD-0149,WH-006,491,66,176,2026-01-28
INV-PRD-0149-WH-007,PRD-0149,WH-007,516,84,176,2026-01-20
INV-PRD-0149-WH-008,PRD-0149,WH-008,640,124,176,2025-12-02
INV-PRD-0150-WH-001,PRD-0150,WH-001,57,11,397,2025-12-31
INV-PRD-0150-WH-002,PRD-0150,WH-002,686,196,397,2025-12-23
INV-PRD-0150-WH-003,PRD-0150,WH-003,917,52,397,2025-12-26
INV-PRD-0150-WH-004,PRD-0150,WH-004,563,142,397,2026-01-11
INV-PRD-0150-WH-005,PRD-0150,WH-005,154,34,397,2025-12-30
INV-PRD-0150-WH-006,PRD-0150,WH-006,885,124,397,2026-01-05
INV-PRD-0150-WH-007,PRD-0150,WH-007,1183,33,397,2025-12-22
INV-PRD-0150-WH-008,PRD-0150,WH-008,2162,445,397,2026-01-06
INV-PRD-0151-WH-001,PRD-0151,WH-001,1743,241,322,2025-12-12
INV-PRD-0151-WH-002,PRD-0151,WH-002,615,214,322,2026-01-01
INV-PRD-0151-WH-003,PRD-0151,WH-003,305,59,322,2025-12-21
INV-PRD-0151-WH-004,PRD-0151,WH-004,682,78,322,2026-01-31
INV-PRD-0151-WH-005,PRD-0151,WH-005,544,175,322,2026-01-22
INV-PRD-0151-WH-006,PRD-0151,WH-006,992,253,322,2026-01-11
INV-PRD-0151-WH-007,PRD-0151,WH-007,433,35,322,2026-01-26
INV-PRD-0151-WH-008,PRD-0151,WH-008,1980,0,322,2026-01-18
INV-PRD-0152-WH-001,PRD-0152,WH-001,739,149,276,2025-12-25
INV-PRD-0152-WH-002,PRD-0152,WH-002,676,52,276,2026-01-13
INV-PRD-0152-WH-003,PRD-0152,WH-003,859,155,276,2026-01-28
INV-PRD-0152-WH-004,PRD-0152,WH-004,981,45,276,2026-01-07
INV-PRD-0152-WH-005,PRD-0152,WH-005,261,51,276,2026-01-24
INV-PRD-0152-WH-006,PRD-0152,WH-006,339,47,276,2026-01-27
INV-PRD-0152-WH-007,PRD-0152,WH-007,276,90,276,2026-01-05
INV-PRD-0152-WH-008,PRD-0152,WH-008,388,72,276,2026-01-25
INV-PRD-0153-WH-001,PRD-0153,WH-001,110,37,189,2025-12-26
INV-PRD-0153-WH-002,PRD-0153,WH-002,972,207,189,2025-12-25
INV-PRD-0153-WH-003,PRD-0153,WH-003,528,44,189,2025-12-31
INV-PRD-0153-WH-004,PRD-0153,WH-004,582,92,189,2026-01-23
INV-PRD-0153-WH-005,PRD-0153,WH-005,317,17,189,2025-12-01
INV-PRD-0153-WH-006,PRD-0153,WH-006,4,0,189,2026-01-16
INV-PRD-0153-WH-007,PRD-0153,WH-007,1083,69,189,2025-12-06
INV-PRD-0153-WH-008,PRD-0153,WH-008,655,228,189,2026-01-20
INV-PRD-0154-WH-001,PRD-0154,WH-001,649,116,281,2026-01-02
INV-PRD-0154-WH-002,PRD-0154,WH-002,1068,181,281,2025-12-15
INV-PRD-0154-WH-003,PRD-0154,WH-003,296,73,281,2026-01-01
INV-PRD-0154-WH-004,PRD-0154,WH-004,794,137,281,2025-12-27
INV-PRD-0154-WH-005,PRD-0154,WH-005,1032,17,281,2025-12-03
INV-PRD-0154-WH-006,PRD-0154,WH-006,1035,57,281,2026-01-07
INV-PRD-0154-WH-007,PRD-0154,WH-007,444,36,281,2026-01-16
INV-PRD-0154-WH-008,PRD-0154,WH-008,757,264,281,2025-12-06
INV-PRD-0155-WH-001,PRD-0155,WH-001,481,62,300,2025-12-31
INV-PRD-0155-WH-002,PRD-0155,WH-002,1669,79,300,2026-01-13
INV-PRD-0155-WH-003,PRD-0155,WH-003,939,313,300,2025-12-04
INV-PRD-0155-WH-004,PRD-0155,WH-004,322,60,300,2025-12-30
INV-PRD-0155-WH-005,PRD-0155,WH-005,1475,339,300,2025-12-27
INV-PRD-0155-WH-006,PRD-0155,WH-006,596,42,300,2025-12-03
INV-PRD-0155-WH-007,PRD-0155,WH-007,922,288,300,2025-12-17
INV-PRD-0155-WH-008,PRD-0155,WH-008,242,74,300,2025-12-11
INV-PRD-0156-WH-001,PRD-0156,WH-001,811,13,214,2025-12-19
INV-PRD-0156-WH-002,PRD-0156,WH-002,472,19,214,2026-01-24
INV-PRD-0156-WH-003,PRD-0156,WH-003,349,78,214,2025-12-18
INV-PRD-0156-WH-004,PRD-0156,WH-004,228,14,214,2026-01-08
INV-PRD-0156-WH-005,PRD-0156,WH-005,523,168,214,2025-12-29
INV-PRD-0156-WH-006,PRD-0156,WH-006,347,100,214,2026-01-14
INV-PRD-0156-WH-007,PRD-0156,WH-007,623,135,214,2026-01-25
INV-PRD-0156-WH-008,PRD-0156,WH-008,21,2,214,2026-01-08
INV-PRD-0157-WH-001,PRD-0157,WH-001,918,211,411,2026-01-19
INV-PRD-0157-WH-002,PRD-0157,WH-002,2213,743,411,2026-01-10
INV-PRD-0157-WH-003,PRD-0157,WH-003,1824,55,411,2026-01-11
INV-PRD-0157-WH-004,PRD-0157,WH-004,437,42,411,2025-12-30
INV-PRD-0157-WH-005,PRD-0157,WH-005,1386,382,411,2026-01-30
INV-PRD-0157-WH-006,PRD-0157,WH-006,1368,194,411,2026-01-13
INV-PRD-0157-WH-007,PRD-0157,WH-007,948,74,411,2026-01-03
INV-PRD-0157-WH-008,PRD-0157,WH-008,558,114,411,2025-12-25
INV-PRD-0158-WH-001,PRD-0158,WH-001,1713,42,315,2025-12-07
INV-PRD-0158-WH-002,PRD-0158,WH-002,1039,221,315,2026-01-09
INV-PRD-0158-WH-003,PRD-0158,WH-003,658,69,315,2025-12-18
INV-PRD-0158-WH-004,PRD-0158,WH-004,985,299,315,2025-12-26
INV-PRD-0158-WH-005,PRD-0158,WH-005,1849,247,315,2026-01-16
INV-PRD-0158-WH-006,PRD-0158,WH-006,847,172,315,2026-01-13
INV-PRD-0158-WH-007,PRD-0158,WH-007,635,140,315,2025-12-01
INV-PRD-0158-WH-008,PRD-0158,WH-008,321,52,315,2025-12-07
INV-PRD-0159-WH-001,PRD-0159,WH-001,592,89,136,2025-12-15
INV-PRD-0159-WH-002,PRD-0159,WH-002,234,4,136,2025-12-02
INV-PRD-0159-WH-003,PRD-0159,WH-003,191,15,136,2026-01-15
INV-PRD-0159-WH-004,PRD-0159,WH-004,169,24,136,2026-01-12
INV-PRD-0159-WH-005,PRD-0159,WH-005,715,205,136,2026-01-31
INV-PRD-0159-WH-006,PRD-0159,WH-006,183,32,136,2025-12-19
INV-PRD-0159-WH-007,PRD-0159,WH-007,252,35,136,2026-01-19
INV-PRD-0159-WH-008,PRD-0159,WH-008,924,165,136,2025-12-17
INV-PRD-0160-WH-001,PRD-0160,WH-001,79,24,62,2025-12-04
INV-PRD-0160-WH-002,PRD-0160,WH-002,77,8,62,2026-01-31
INV-PRD-0160-WH-003,PRD-0160,WH-003,118,4,62,2026-01-01
INV-PRD-0160-WH-004,PRD-0160,WH-004,140,25,62,2025-12-12
INV-PRD-0160-WH-005,PRD-0160,WH-005,71,17,62,2026-01-19
INV-PRD-0160-WH-006,PRD-0160,WH-006,116,28,62,2026-01-15
INV-PRD-0160-WH-007,PRD-0160,WH-007,66,2,62,2026-01-06
INV-PRD-0160-WH-008,PRD-0160,WH-008,66,15,62,2025-12-10
INV-PRD-0161-WH-001,PRD-0161,WH-001,246,85,237,2025-12-25
INV-PRD-0161-WH-002,PRD-0161,WH-002,912,200,237,2026-01-06
INV-PRD-0161-WH-003,PRD-0161,WH-003,181,62,237,2025-12-31
INV-PRD-0161-WH-004,PRD-0161,WH-004,380,57,237,2025-12-01
INV-PRD-0161-WH-005,PRD-0161,WH-005,1224,62,237,2026-01-06
INV-PRD-0161-WH-006,PRD-0161,WH-006,578,174,237,2025-12-20
INV-PRD-0161-WH-007,PRD-0161,WH-007,1562,92,237,2025-12-24
INV-PRD-0161-WH-008,PRD-0161,WH-008,319,107,237,2025-12-30
INV-PRD-0162-WH-001,PRD-0162,WH-001,960,103,297,2025-12-12
INV-PRD-0162-WH-002,PRD-0162,WH-002,688,76,297,2026-01-14
INV-PRD-0162-WH-003,PRD-0162,WH-003,480,124,297,2025-12-06
INV-PRD-0162-WH-004,PRD-0162,WH-004,685,35,297,2025-12-03
INV-PRD-0162-WH-005,PRD-0162,WH-005,1511,244,297,2026-01-01
INV-PRD-0162-WH-006,PRD-0162,WH-006,1614,315,297,2026-01-01
INV-PRD-0162-WH-007,PRD-0162,WH-007,330,4,297,2025-12-22
INV-PRD-0162-WH-008,PRD-0162,WH-008,21,6,297,2025-12-08
INV-PRD-0163-WH-001,PRD-0163,WH-001,626,117,91,2026-01-30
INV-PRD-0163-WH-002,PRD-0163,WH-002,167,47,91,2026-01-07
INV-PRD-0163-WH-003,PRD-0163,WH-003,95,9,91,2026-01-01
INV-PRD-0163-WH-004,PRD-0163,WH-004,407,11,91,2025-12-16
INV-PRD-0163-WH-005,PRD-0163,WH-005,94,11,91,2026-01-10
INV-PRD-0163-WH-006,PRD-0163,WH-006,39,13,91,2026-01-20
INV-PRD-0163-WH-007,PRD-0163,WH-007,78,5,91,2026-01-23
INV-PRD-0163-WH-008,PRD-0163,WH-008,105,31,91,2026-01-08
INV-PRD-0164-WH-001,PRD-0164,WH-001,439,51,375,2025-12-28
INV-PRD-0164-WH-002,PRD-0164,WH-002,2021,332,375,2025-12-08
INV-PRD-0164-WH-003,PRD-0164,WH-003,1492,140,375,2025-12-21
INV-PRD-0164-WH-004,PRD-0164,WH-004,421,44,375,2025-12-22
INV-PRD-0164-WH-005,PRD-0164,WH-005,140,9,375,2026-01-18
INV-PRD-0164-WH-006,PRD-0164,WH-006,1890,566,375,2025-12-11
INV-PRD-0164-WH-007,PRD-0164,WH-007,458,34,375,2025-12-07
INV-PRD-0164-WH-008,PRD-0164,WH-008,1915,161,375,2025-12-02
INV-PRD-0165-WH-001,PRD-0165,WH-001,214,0,213,2025-12-12
INV-PRD-0165-WH-002,PRD-0165,WH-002,1428,454,213,2025-12-19
INV-PRD-0165-WH-003,PRD-0165,WH-003,921,64,213,2025-12-14
INV-PRD-0165-WH-004,PRD-0165,WH-004,748,230,213,2025-12-27
INV-PRD-0165-WH-005,PRD-0165,WH-005,525,177,213,2025-12-03
INV-PRD-0165-WH-006,PRD-0165,WH-006,1236,313,213,2026-01-30
INV-PRD-0165-WH-007,PRD-0165,WH-007,211,38,213,2025-12-23
INV-PRD-0165-WH-008,PRD-0165,WH-008,695,49,213,2025-12-08
INV-PRD-0166-WH-001,PRD-0166,WH-001,701,92,385,2026-01-25
INV-PRD-0166-WH-002,PRD-0166,WH-002,1424,112,385,2025-12-30
INV-PRD-0166-WH-003,PRD-0166,WH-003,1237,141,385,2025-12-04
INV-PRD-0166-WH-004,PRD-0166,WH-004,1086,242,385,2026-01-01
INV-PRD-0166-WH-005,PRD-0166,WH-005,561,13,385,2026-01-11
INV-PRD-0166-WH-006,PRD-0166,WH-006,830,128,385,2025-12-22
INV-PRD-0166-WH-007,PRD-0166,WH-007,473,26,385,2026-01-17
INV-PRD-0166-WH-008,PRD-0166,WH-008,275,22,385,2025-12-11
INV-PRD-0167-WH-001,PRD-0167,WH-001,1371,59,317,2025-12-05
INV-PRD-0167-WH-002,PRD-0167,WH-002,1227,303,317,2026-01-07
INV-PRD-0167-WH-003,PRD-0167,WH-003,650,58,317,2026-01-19
INV-PRD-0167-WH-004,PRD-0167,WH-004,116,6,317,2025-12-16
INV-PRD-0167-WH-005,PRD-0167,WH-005,701,228,317,2025-12-15
INV-PRD-0167-WH-006,PRD-0167,WH-006,299,62,317,2025-12-04
INV-PRD-0167-WH-007,PRD-0167,WH-007,538,156,317,2025-12-30
INV-PRD-0167-WH-008,PRD-0167,WH-008,456,117,317,2026-01-16
INV-PRD-0168-WH-001,PRD-0168,WH-001,463,51,187,2025-12-22
INV-PRD-0168-WH-002,PRD-0168,WH-002,309,35,187,2025-12-09
INV-PRD-0168-WH-003,PRD-0168,WH-003,119,29,187,2025-12-27
INV-PRD-0168-WH-004,PRD-0168,WH-004,412,75,187,2026-01-08
INV-PRD-0168-WH-005,PRD-0168,WH-005,535,147,187,2026-01-05
INV-PRD-0168-WH-006,PRD-0168,WH-006,292,66,187,2026-01-01
INV-PRD-0168-WH-007,PRD-0168,WH-007,489,121,187,2026-01-23
INV-PRD-0168-WH-008,PRD-0168,WH-008,373,109,187,2026-01-17
INV-PRD-0169-WH-001,PRD-0169,WH-001,764,222,429,2026-01-07
INV-PRD-0169-WH-002,PRD-0169,WH-002,1039,293,429,2026-01-27
INV-PRD-0169-WH-003,PRD-0169,WH-003,22,0,429,2025-12-31
INV-PRD-0169-WH-004,PRD-0169,WH-004,566,108,429,2026-01-03
INV-PRD-0169-WH-005,PRD-0169,WH-005,830,231,429,2026-01-01
INV-PRD-0169-WH-006,PRD-0169,WH-006,479,104,429,2026-01-30
INV-PRD-0169-WH-007,PRD-0169,WH-007,1034,122,429,2026-01-11
INV-PRD-0169-WH-008,PRD-0169,WH-008,674,171,429,2025-12-20
INV-PRD-0170-WH-001,PRD-0170,WH-001,200,3,54,2025-12-30
INV-PRD-0170-WH-002,PRD-0170,WH-002,144,25,54,2025-12-12
INV-PRD-0170-WH-003,PRD-0170,WH-003,214,59,54,2026-01-15
INV-PRD-0170-WH-004,PRD-0170,WH-004,90,24,54,2026-01-27
INV-PRD-0170-WH-005,PRD-0170,WH-005,70,9,54,2025-12-28
INV-PRD-0170-WH-006,PRD-0170,WH-006,367,53,54,2026-01-20
INV-PRD-0170-WH-007,PRD-0170,WH-007,225,7,54,2026-01-02
INV-PRD-0170-WH-008,PRD-0170,WH-008,240,6,54,2025-12-08
INV-PRD-0171-WH-001,PRD-0171,WH-001,856,20,223,2025-12-24
INV-PRD-0171-WH-002,PRD-0171,WH-002,1367,360,223,2025-12-05
INV-PRD-0171-WH-003,PRD-0171,WH-003,293,42,223,2025-12-16
INV-PRD-0171-WH-004,PRD-0171,WH-004,1202,377,223,2026-01-30
INV-PRD-0171-WH-005,PRD-0171,WH-005,652,192,223,2026-01-17
INV-PRD-0171-WH-006,PRD-0171,WH-006,584,68,223,2026-01-02
INV-PRD-0171-WH-007,PRD-0171,WH-007,278,8,223,2025-12-24
INV-PRD-0171-WH-008,PRD-0171,WH-008,736,62,223,2025-12-31
INV-PRD-0172-WH-001,PRD-0172,WH-001,1341,460,250,2025-12-19
INV-PRD-0172-WH-002,PRD-0172,WH-002,939,33,250,2025-12-13
INV-PRD-0172-WH-003,PRD-0172,WH-003,339,10,250,2025-12-26
INV-PRD-0172-WH-004,PRD-0172,WH-004,328,13,250,2025-12-11
INV-PRD-0172-WH-005,PRD-0172,WH-005,553,127,250,2025-12-10
INV-PRD-0172-WH-006,PRD-0172,WH-006,296,37,250,2025-12-27
INV-PRD-0172-WH-007,PRD-0172,WH-007,520,121,250,2025-12-23
INV-PRD-0172-WH-008,PRD-0172,WH-008,1570,21,250,2025-12-19
INV-PRD-0173-WH-001,PRD-0173,WH-001,470,133,352,2026-01-11
INV-PRD-0173-WH-002,PRD-0173,WH-002,1054,335,352,2026-01-11
INV-PRD-0173-WH-003,PRD-0173,WH-003,1567,542,352,2026-01-23
INV-PRD-0173-WH-004,PRD-0173,WH-004,974,290,352,2025-12-09
INV-PRD-0173-WH-005,PRD-0173,WH-005,703,202,352,2025-12-17
INV-PRD-0173-WH-006,PRD-0173,WH-006,942,24,352,2025-12-10
INV-PRD-0173-WH-007,PRD-0173,WH-007,692,158,352,2026-01-29
INV-PRD-0173-WH-008,PRD-0173,WH-008,936,93,352,2025-12-12
INV-PRD-0174-WH-001,PRD-0174,WH-001,270,20,113,2025-12-16
INV-PRD-0174-WH-002,PRD-0174,WH-002,40,9,113,2025-12-09
INV-PRD-0174-WH-003,PRD-0174,WH-003,207,26,113,2026-01-05
INV-PRD-0174-WH-004,PRD-0174,WH-004,437,88,113,2025-12-10
INV-PRD-0174-WH-005,PRD-0174,WH-005,279,68,113,2025-12-20
INV-PRD-0174-WH-006,PRD-0174,WH-006,164,31,113,2026-01-19
INV-PRD-0174-WH-007,PRD-0174,WH-007,276,19,113,2025-12-01
INV-PRD-0174-WH-008,PRD-0174,WH-008,632,84,113,2026-01-11
INV-PRD-0175-WH-001,PRD-0175,WH-001,871,293,278,2026-01-12
INV-PRD-0175-WH-002,PRD-0175,WH-002,1183,173,278,2026-01-14
INV-PRD-0175-WH-003,PRD-0175,WH-003,245,5,278,2025-12-09
INV-PRD-0175-WH-004,PRD-0175,WH-004,435,6,278,2025-12-26
INV-PRD-0175-WH-005,PRD-0175,WH-005,734,182,278,2025-12-06
INV-PRD-0175-WH-006,PRD-0175,WH-006,1591,199,278,2026-01-07
INV-PRD-0175-WH-007,PRD-0175,WH-007,478,5,278,2025-12-06
INV-PRD-0175-WH-008,PRD-0175,WH-008,456,131,278,2025-12-26
INV-PRD-0176-WH-001,PRD-0176,WH-001,957,309,340,2026-01-02
INV-PRD-0176-WH-002,PRD-0176,WH-002,1079,203,340,2025-12-10
INV-PRD-0176-WH-003,PRD-0176,WH-003,1097,197,340,2025-12-24
INV-PRD-0176-WH-004,PRD-0176,WH-004,176,22,340,2025-12-20
INV-PRD-0176-WH-005,PRD-0176,WH-005,519,55,340,2026-01-16
INV-PRD-0176-WH-006,PRD-0176,WH-006,2372,425,340,2026-01-21
INV-PRD-0176-WH-007,PRD-0176,WH-007,774,212,340,2025-12-09
INV-PRD-0176-WH-008,PRD-0176,WH-008,516,36,340,2025-12-14
INV-PRD-0177-WH-001,PRD-0177,WH-001,537,16,194,2026-01-29
INV-PRD-0177-WH-002,PRD-0177,WH-002,284,0,194,2025-12-27
INV-PRD-0177-WH-003,PRD-0177,WH-003,618,44,194,2026-01-05
INV-PRD-0177-WH-004,PRD-0177,WH-004,967,70,194,2025-12-13
INV-PRD-0177-WH-005,PRD-0177,WH-005,490,141,194,2026-01-01
INV-PRD-0177-WH-006,PRD-0177,WH-006,77,26,194,2026-01-07
INV-PRD-0177-WH-007,PRD-0177,WH-007,951,237,194,2025-12-15
INV-PRD-0177-WH-008,PRD-0177,WH-008,0,0,194,2025-12-17
INV-PRD-0178-WH-001,PRD-0178,WH-001,1015,325,161,2025-12-31
INV-PRD-0178-WH-002,PRD-0178,WH-002,1075,147,161,2025-12-27
INV-PRD-0178-WH-003,PRD-0178,WH-003,821,125,161,2025-12-02
INV-PRD-0178-WH-004,PRD-0178,WH-004,70,15,161,2025-12-05
INV-PRD-0178-WH-005,PRD-0178,WH-005,458,123,161,2026-01-06
INV-PRD-0178-WH-006,PRD-0178,WH-006,482,121,161,2026-01-14
INV-PRD-0178-WH-007,PRD-0178,WH-007,423,147,161,2025-12-02
INV-PRD-0178-WH-008,PRD-0178,WH-008,458,14,161,2025-12-10
INV-PRD-0179-WH-001,PRD-0179,WH-001,468,91,191,2025-12-11
INV-PRD-0179-WH-002,PRD-0179,WH-002,92,26,191,2026-01-10
INV-PRD-0179-WH-003,PRD-0179,WH-003,240,37,191,2025-12-19
INV-PRD-0179-WH-004,PRD-0179,WH-004,322,24,191,2026-01-19
INV-PRD-0179-WH-005,PRD-0179,WH-005,344,96,191,2025-12-11
INV-PRD-0179-WH-006,PRD-0179,WH-006,499,69,191,2026-01-13
INV-PRD-0179-WH-007,PRD-0179,WH-007,289,68,191,2026-01-07
INV-PRD-0179-WH-008,PRD-0179,WH-008,197,17,191,2026-01-03
INV-PRD-0180-WH-001,PRD-0180,WH-001,1234,174,391,2026-01-28
INV-PRD-0180-WH-002,PRD-0180,WH-002,502,39,391,2026-01-02
INV-PRD-0180-WH-003,PRD-0180,WH-003,963,314,391,2026-01-14
INV-PRD-0180-WH-004,PRD-0180,WH-004,2123,544,391,2026-01-15
INV-PRD-0180-WH-005,PRD-0180,WH-005,604,117,391,2026-01-28
INV-PRD-0180-WH-006,PRD-0180,WH-006,67,0,391,2025-12-31
INV-PRD-0180-WH-007,PRD-0180,WH-007,1876,142,391,2026-01-22
INV-PRD-0180-WH-008,PRD-0180,WH-008,1462,350,391,2025-12-12
